Country,variant,first_seq,last_seq,duration,mortality_rate,total_cases,total_deaths,growth_rate,Continent
Algeria,S.Q677,2021-07-08,2021-09-06,61,0.02608923566968328,2772.614907,72.33540373,852.8928571,Africa
Algeria,S.N501,2021-04-12,2021-11-26,229,0.02489663797780971,12456.96894,310.136646,371.9316071,Africa
Algeria,ORF1a.S3675,2021-04-12,2021-02-07,1,0.02489663797780971,14533.13043,361.826087,371.9316071,Africa
Algeria,21D.Eta,2021-07-08,2021-10-21,106,0.02608923566968328,2772.614907,72.33540373,852.8928571,Africa
Algeria,S.Y144-,2021-04-12,2020-07-10,1,0.024896637968585354,13495.04969,335.9813665,371.9316071,Africa
Algeria,20I.Alpha.V1,2021-04-12,2021-05-29,48,0.0248966379669082,11418.8882,284.2919255,371.9316071,Africa
Algeria,S.T572,2021-06-14,2021-08-22,70,0.026760479125088648,830.6956522,22.22981366,891.4513362,Africa
Algeria,21A.21B,2021-05-10,2021-07-06,58,0.026978481331365944,28075.28571,757.4285714,705.5417581,Africa
Algeria,S.E484,2021-07-08,2021-11-18,134,0.02608923566968328,2772.614907,72.33540373,852.8928571,Africa
Algeria,S.S477,2021-01-22,2021-11-14,297,0.026346725685600828,1437.118012,37.86335404,195.0068543,Africa
Algeria,S.H69-,2021-04-12,2021-11-22,225,0.02489663797780971,14533.13043,361.826087,371.9316071,Africa
Algeria,S.H655,2021-06-14,2021-10-31,140,0.026760479125088648,830.6956522,22.22981366,891.4513362,Africa
Algeria,21J.Delta,2021-05-10,2021-11-13,188,0.026978481326584335,30516.61491,823.2919255,705.5417581,Africa
Angola,S.Q677,2020-12-07,2021-11-13,342,0.023453008206026783,225.441989,5.287292818,114.600118,Africa
Angola,20A.S.210T,2021-03-04,2021-11-15,257,0.024303243630337514,12.22797325,0.297179413,45.0,Africa
Angola,S.N501,2020-08-25,2021-07-02,312,0.023607776685779458,7536.045362,177.909276,111.5520399,Africa
Angola,S.L18,2020-12-11,2021-02-01,53,0.023430385671953095,519.8499564,12.18028497,115.4127392,Africa
Angola,21A.Delta,2021-04-18,2021-11-03,200,0.027231000896208363,528.9307938,14.40331492,167.6460008,Africa
Angola,21I.Delta,2021-05-03,2021-02-06,1,0.02635655835534811,117.1224193,3.086943879,153.9426698,Africa
Angola,20H.Beta.V2,2020-08-25,2021-04-26,245,0.02360777668610209,4447.502181,104.9956383,111.5520399,Africa
Angola,ORF1a.S3675,2020-08-25,2021-09-17,389,0.025319144411905307,4832.476592,122.3541727,115.4867807,Africa
Angola,21D.Eta,2020-12-11,2021-11-03,328,0.023215322106358467,77.15673161,1.791218377,55.45993274,Africa
Angola,DanishCluster,2021-02-13,2021-07-18,156,0.024152688300139568,17.73393428,0.428322187,891.4513362,Africa
Angola,20A.S.126A,2021-03-29,2021-11-21,238,0.024163736383735535,12.9002617,0.311718523,50.0,Africa
Angola,S.K417,2020-08-25,2021-02-20,180,0.023430385673109656,4347.835999,101.8714743,109.5961354,Africa
Angola,S.Y144-,2020-12-07,2021-10-25,323,0.0264701760061173,2701.191625,71.50101774,126.4811844,Africa
Angola,21B.Kappa,2021-03-21,2021-10-12,206,0.0235254151036183,41.08578075,0.966560047,85.19960474,Africa
Angola,20I.Alpha.V1,2021-01-15,2021-09-30,259,0.023688456463178444,1855.578947,43.9558011,132.8025885,Africa
Angola,S.A222,2021-01-20,2021-10-04,258,0.02343038566152409,189.0363478,4.429194533,135.4366106,Africa
Angola,S.T572,2021-01-12,2021-04-01,80,0.023916028169147677,26.26228555,0.628089561,43.72281538,Africa
Angola,21A.21B,2021-01-12,2020-12-21,1,0.02422239326975353,770.7007851,18.66821751,135.0901386,Africa
Angola,S.E484,2020-08-25,2021-06-15,295,0.02360777668477069,6102.961326,144.0773481,111.5520399,Africa
Angola,20A.EU2,2021-01-23,2021-10-25,276,0.024313725508265924,17.79587089,0.43268392,42.2,Africa
Angola,S.S477,2021-01-23,2021-10-01,252,0.024163736360739492,32.25065426,0.779296307,39.43383351,Africa
Angola,S.H69-,2020-12-11,2021-10-21,315,0.02368845646172504,1950.736842,46.20994475,116.2924444,Africa
Angola,20J.Gamma.V3,2021-03-22,2021-08-16,148,0.02435997607077508,6.326548415,0.154114568,891.4513362,Africa
Angola,S.N439K,2021-01-23,2021-10-25,276,0.023596839936123156,5.631578947,0.132887467,891.4513362,Africa
Angola,20B.S.796H,2021-03-29,2021-09-01,157,0.02339956954398989,58.09537656,1.359406804,195.61243,Africa
Angola,S.H655,2021-01-20,2021-07-20,182,0.024359976098537454,31.63274208,0.770572841,39.09984639,Africa
Angola,20A.EU1,2021-01-20,2021-07-09,171,0.024278626159838845,24.1453911,0.586216924,40.47072984,Africa
Angola,S.P681,2020-12-07,2021-11-17,346,0.02698188580359371,6704.324513,180.8953184,133.3697349,Africa
Angola,21J.Delta,2021-04-18,2021-01-21,1,0.026981885806582832,2009.608607,54.22302995,171.0384171,Africa
Benin,S.Q677,2021-01-30,2021-11-19,294,0.012979136340127194,533.0487157,6.918511957,23.44572395,Africa
Benin,S.N501,2021-01-30,2021-11-03,278,0.012620638455142398,329.2931798,4.155890168,34.22535791,Africa
Benin,S.L18,2021-01-31,2021-10-26,269,0.012353813212833796,59.15057573,0.730735164,63.4210044,Africa
Benin,21A.Delta,2021-05-27,2021-04-26,1,0.01297913635663209,29.2081488,0.379096546,4.017117732,Africa
Benin,Delta.250I,2021-07-18,2021-11-12,118,0.012979136286380581,7.302037201,0.094774136,891.4513362,Africa
Benin,S.Q613,2021-02-03,2021-06-04,122,0.01297913635663209,14.6040744,0.189548273,22.27523529,Africa
Benin,21I.Delta,2021-06-20,2021-05-26,1,0.01268447371164466,36.3108946,0.460584588,4.450549451,Africa
Benin,20H.Beta.V2,2021-05-23,2021-01-04,1,0.012585669803757417,7.10806023,0.089459699,891.4513362,Africa
Benin,Delta.ORF1a3059F,2021-07-18,2021-10-05,80,0.01297913635663209,14.6040744,0.189548273,891.4513362,Africa
Benin,ORF1a.S3675,2021-01-30,2021-01-10,1,0.01297913633955847,1299.762622,16.86979628,23.26519068,Africa
Benin,21D.Eta,2021-01-30,2021-01-31,2,0.012684473715578936,508.3525244,6.448184234,26.83431507,Africa
Benin,DanishCluster,2021-06-14,2021-08-02,50,0.01297913635663209,14.6040744,0.189548273,3.808823529,Africa
Benin,20A.S.126A,2021-05-25,2021-04-01,1,0.012585669803757417,7.10806023,0.089459699,891.4513362,Africa
Benin,S.K417,2021-05-23,2021-04-11,1,0.012585669803757417,7.10806023,0.089459699,891.4513362,Africa
Benin,S.Y144-,2021-01-30,2021-11-05,280,0.012762854020942477,874.4375554,11.16031887,25.35468329,Africa
Benin,20I.Alpha.V1,2021-01-30,2021-09-07,221,0.012620638457102267,272.0248007,3.433126661,34.22535791,Africa
Benin,S.A222,2021-06-20,2021-04-14,1,0.01268447371164466,36.3108946,0.460584588,4.450549451,Africa
Benin,21A.21B,2021-05-27,2021-01-20,1,0.01285439692767263,339.1532329,4.359610275,4.053492879,Africa
Benin,S.E484,2021-01-30,2021-08-09,192,0.012979136336584164,1036.889283,13.45792737,23.26519068,Africa
Benin,20A.EU2,2021-02-01,2021-09-16,228,0.013357308042259323,3.448184234,0.046058459,891.4513362,Africa
Benin,S.S477,2021-02-01,2021-07-31,181,0.012585669803757417,14.21612046,0.178919398,36.48817966,Africa
Benin,S.H69-,2021-01-30,2021-08-14,197,0.012684473714947882,791.5775022,10.04074402,26.83431507,Africa
Benin,20B.S.796H,2021-01-30,2021-02-05,7,0.012979136340693146,489.2364925,6.349867139,23.26519068,Africa
Benin,S.H655,2021-01-31,2021-03-03,32,0.013109978148838622,32.83525244,0.430469442,67.8,Africa
Benin,S.P681,2021-01-30,2021-04-23,84,0.012854396930793209,1150.171833,14.78476528,22.58939319,Africa
Benin,21J.Delta,2021-06-14,2021-05-25,1,0.012854396926329352,272.7971656,3.506643047,3.929831144,Africa
Botswana,S.Q677,2021-06-13,2021-10-31,141,0.013294018536729929,253.0317385,3.363808622,1282.58084,Africa
Botswana,S.N501,2020-11-21,2020-08-08,1,0.012411894053246669,11526.054,143.0601611,571.8608751,Africa
Botswana,S.L18,2020-12-24,2020-05-25,1,0.012447018858439398,1835.158693,22.84225486,620.4589629,Africa
Botswana,Omicron.Similar,2021-11-11,2021-08-11,1,0.012411894051219405,829.8758882,10.3003316,91.3021978,Africa
Botswana,21A.Delta.S.K417,2021-04-28,2021-11-07,194,0.016208725840680924,152.2944102,2.468498342,384.5205749,Africa
Botswana,21A.Delta,2021-04-28,2021-07-06,70,0.013376637363740507,1211.838702,16.21032686,988.6906875,Africa
Botswana,S.Q613,2021-01-21,2020-06-18,1,0.014285983294500522,150.9398389,2.156324017,536.5469993,Africa
Botswana,20H.Beta.V2,2020-09-09,2021-10-23,410,0.0129150200276503,15902.55448,205.3818096,448.6982385,Africa
Botswana,ORF1a.S3675,2020-11-21,2021-11-14,359,0.012425107354552422,2302.759356,28.61203221,571.0294127,Africa
Botswana,21K.Omicron,2021-11-11,2020-08-20,1,0.012411894046303157,875.9801042,10.87257224,91.3021978,Africa
Botswana,DanishCluster,2021-07-23,2020-10-21,1,0.014079891886087317,23.13050687,0.325675036,891.4513362,Africa
Botswana,S.K417,2020-09-09,2020-12-14,97,0.012411894048185674,16597.51776,206.0066319,475.2185221,Africa
Botswana,S.Y144-,2021-03-12,2021-01-09,1,0.012425107357955186,322.3863098,4.00568451,773.8967585,Africa
Botswana,S.A222,2021-01-20,2021-06-23,155,0.01563260264532303,132.8922312,2.077451445,309.7843066,Africa
Botswana,21A.21B,2021-04-24,2021-07-09,77,0.012980097905580478,29687.0514,385.3408337,954.6218813,Africa
Botswana,S.E484,2020-11-21,2021-11-14,359,0.012915020027566492,10572.33539,136.5419233,550.5549532,Africa
Botswana,S.S477,2020-12-18,2021-10-15,302,0.012411894048203873,968.1885362,12.01705353,614.2907632,Africa
Botswana,S.H69-,2021-11-11,2021-11-15,5,0.012425107354552422,230.2759356,2.861203221,94.69090909,Africa
Botswana,S.H655,2021-07-30,2021-09-13,46,0.012411894046542494,1014.292752,12.58929417,655.9820843,Africa
Botswana,S.P681,2021-01-21,2021-10-26,279,0.01241189404708269,47395.13406,588.2633823,671.2569358,Africa
Botswana,21J.Delta,2021-04-24,2021-09-17,147,0.012447018860401265,48815.22122,607.6039792,906.5056147,Africa
Burkina Faso,S.Q677,2020-09-21,2020-10-07,17,0.011790492028061145,981.6548387,11.57419355,68.26278104,Africa
Burkina Faso,20A.S.210T,2020-12-16,2020-09-21,1,0.016408181619781567,14.3516129,0.235483871,891.4513362,Africa
Burkina Faso,S.N501,2020-12-16,2021-01-18,34,0.011795642377806673,987.516129,11.6483871,58.00858499,Africa
Burkina Faso,S.L18,2020-09-21,2021-06-22,275,0.01179564237295486,901.6451613,10.63548387,66.83196442,Africa
Burkina Faso,21A.Delta,2020-12-18,2021-03-31,104,0.015314569513640096,15.58709677,0.238709677,891.4513362,Africa
Burkina Faso,ORF1a.S3675,2020-12-16,2021-01-18,34,0.011790492025574606,1237.73871,14.59354839,61.33424642,Africa
Burkina Faso,21D.Eta,2020-12-16,2021-01-22,38,0.011790492025449035,1067.016129,12.58064516,61.33424642,Africa
Burkina Faso,DanishCluster,2020-12-30,2021-02-25,58,0.010750090582559784,53.41290323,0.574193548,139.8571429,Africa
Burkina Faso,S.K417,2021-04-10,2021-01-14,1,0.01173201606201306,41.79354839,0.490322581,891.4513362,Africa
Burkina Faso,S.Y144-,2020-12-16,2021-01-15,31,0.011790492022045386,1280.419355,15.09677419,61.33424642,Africa
Burkina Faso,20I.Alpha.V1,2021-01-16,2021-01-18,3,0.011589706149091404,106.0451613,1.229032258,104.1614035,Africa
Burkina Faso,S.A222,2021-05-09,2021-03-01,1,0.01210852828578143,43.15806452,0.522580645,891.4513362,Africa
Burkina Faso,S.T572,2021-01-21,2021-03-15,54,0.01090647186448261,31.3516129,0.341935484,891.4513362,Africa
Burkina Faso,21A.21B,2020-12-03,2021-02-14,74,0.011771853877399364,807.0096774,9.5,72.02227373,Africa
Burkina Faso,S.E484,2020-12-03,2021-02-17,77,0.011790492022045386,1280.419355,15.09677419,70.94065269,Africa
Burkina Faso,S.S477,2020-11-02,2021-03-07,126,0.010855229791023146,63.59354839,0.690322581,97.04352369,Africa
Burkina Faso,S.H69-,2020-08-12,2020-12-15,126,0.011790492026301867,1323.1,15.6,59.61935285,Africa
Burkina Faso,20B.S.796H,2021-04-21,2021-07-07,78,0.011771853876670013,42.47419355,0.5,891.4513362,Africa
Burkina Faso,S.H655,2020-12-03,2021-04-17,136,0.011795642376674582,858.7096774,10.12903226,67.31567205,Africa
Burkina Faso,S.P681,2020-12-03,2021-02-22,82,0.011771853875130274,1146.803226,13.5,72.02227373,Africa
Burkina Faso,21J.Delta,2020-12-03,2020-11-28,1,0.011771853877399364,807.0096774,9.5,72.02227373,Africa
Burundi,S.N501,2021-05-27,2021-01-29,1,0.0012526096036671738,127.7333333,0.16,36.5,Africa
Burundi,S.L18,2021-05-27,2021-02-17,1,0.0012526096007317786,106.4444444,0.133333333,36.5,Africa
Burundi,21A.Delta,2021-07-28,2020-08-11,1,0.0013402829488220825,149.2222222,0.2,891.4513362,Africa
Burundi,21I.Delta,2021-07-28,2021-03-04,1,0.001340282948505078,507.3555556,0.68,891.4513362,Africa
Burundi,20H.Beta.V2,2021-05-27,2021-01-27,1,0.0012526096007317786,106.4444444,0.133333333,36.5,Africa
Burundi,ORF1a.S3675,2021-05-27,2020-09-04,1,0.0012526096036671738,127.7333333,0.16,36.5,Africa
Burundi,S.K417,2021-05-27,2020-08-30,1,0.0012526096007317786,106.4444444,0.133333333,36.5,Africa
Burundi,S.Y144-,2021-05-27,2021-01-18,1,0.001290322596566077,20.66666667,0.026666667,891.4513362,Africa
Burundi,20I.Alpha.V1,2021-05-27,2021-03-15,1,0.001290322596566077,20.66666667,0.026666667,891.4513362,Africa
Burundi,S.A222,2021-07-28,2021-07-15,1,0.0013402829486224867,537.2,0.72,891.4513362,Africa
Burundi,21A.21B,2021-05-27,2021-01-20,1,0.0013402829488851123,1701.133333,2.28,25.81806836,Africa
Burundi,S.E484,2021-05-27,2020-10-08,1,0.0012526096007317786,106.4444444,0.133333333,36.5,Africa
Burundi,S.H69-,2021-05-27,2020-09-23,1,0.001290322596566077,20.66666667,0.026666667,891.4513362,Africa
Burundi,S.P681,2021-05-27,2020-12-16,1,0.0013402829484504219,1730.977778,2.32,25.81806836,Africa
Burundi,21J.Delta,2021-05-27,2020-11-10,1,0.0013402829480522144,1044.555556,1.4,25.81806836,Africa
Cabo Verde,S.Q677,2021-01-31,2021-11-19,293,0.009523809526794597,287.1428571,2.734693878,891.4513362,Africa
Cabo Verde,S.N501,2021-01-01,2021-10-20,293,0.009497678345399392,2030.571429,19.28571429,76.54744079,Africa
Cabo Verde,S.L18,2021-01-06,2021-11-20,319,0.009523809525652162,2584.285714,24.6122449,79.70529915,Africa
Cabo Verde,ORF1a.S3675,2021-01-18,2021-09-14,240,0.009497678339305336,1160.326531,11.02040816,73.76960784,Africa
Cabo Verde,S.Y144-,2021-01-18,2021-11-03,290,0.009497678339305336,1160.326531,11.02040816,73.76960784,Africa
Cabo Verde,20I.Alpha.V1,2021-01-18,2021-11-23,310,0.009497678339305336,1160.326531,11.02040816,73.76960784,Africa
Cabo Verde,S.E484,2021-01-25,2021-11-11,291,0.00952380952339493,574.2857143,5.469387755,87.07142857,Africa
Cabo Verde,20A.EU2,2020-11-25,2021-10-20,330,0.009468626341846146,1444.081633,13.67346939,49.10109352,Africa
Cabo Verde,S.S477,2020-11-25,2021-11-19,360,0.009468626341846146,1444.081633,13.67346939,49.10109352,Africa
Cabo Verde,S.H69-,2021-01-18,2021-11-22,309,0.009497678339305336,1160.326531,11.02040816,73.76960784,Africa
Cabo Verde,S.P681,2021-01-18,2021-10-19,275,0.009497678339305336,1160.326531,11.02040816,73.76960784,Africa
Cameroon,S.Q677,2021-01-27,2021-09-27,244,0.016016109772172993,3331.751773,53.36170213,255.5982474,Africa
Cameroon,20A.S.210T,2021-01-28,2021-09-07,223,0.015428123424342492,823.1950355,12.70035461,201.5529412,Africa
Cameroon,S.N501,2021-01-05,2021-10-18,287,0.016016109776721,1590.154255,25.46808511,273.5776129,Africa
Cameroon,S.L18,2021-01-21,2021-06-24,155,0.016016109772191114,530.0514184,8.489361702,270.1728596,Africa
Cameroon,21A.Delta,2021-07-28,2021-07-19,1,0.016016109768210145,832.9379433,13.34042553,68.28078378,Africa
Cameroon,S.Q613,2021-02-08,2021-09-07,212,0.015098426454443824,27.83156028,0.420212766,891.4513362,Africa
Cameroon,21I.Delta,2021-08-28,2021-04-22,1,0.016016109770933373,227.1648936,3.638297872,78.05221675,Africa
Cameroon,20H.Beta.V2,2021-01-05,2021-11-01,301,0.016016109768210145,832.9379433,13.34042553,273.5776129,Africa
Cameroon,Delta.ORF1a3059F,2021-08-21,2021-11-16,88,0.016016109770112804,2120.205674,33.95744681,89.76576577,Africa
Cameroon,ORF1a.S3675,2020-11-19,2021-11-08,355,0.01601610977120318,5906.287234,94.59574468,262.9675289,Africa
Cameroon,21D.Eta,2021-01-27,2021-11-17,295,0.016227229732936953,1023.365248,16.60638298,309.4932142,Africa
Cameroon,DanishCluster,2021-01-27,2021-09-30,247,0.015599149136311592,26.25620567,0.409574468,891.4513362,Africa
Cameroon,20A.S.126A,2021-02-10,2021-05-10,90,0.016016109764416156,757.2163121,12.12765957,253.7390171,Africa
Cameroon,S.K417,2021-01-05,2021-11-09,309,0.016016109764416156,757.2163121,12.12765957,273.5776129,Africa
Cameroon,S.Y144-,2021-01-26,2021-07-29,185,0.016016109768540628,3180.308511,50.93617021,266.360464,Africa
Cameroon,20I.Alpha.V1,2021-01-26,2021-11-01,280,0.014488728412241464,976.731383,14.15159574,426.2927156,Africa
Cameroon,S.A222,2020-10-26,2021-09-28,338,0.019547561146142946,38.64007092,0.755319149,891.4513362,Africa
Cameroon,21C.Epsilon,2021-02-05,2021-10-26,264,0.015636855476338692,80.61968085,1.260638298,891.4513362,Africa
Cameroon,21A.21B,2021-08-13,2021-10-10,59,0.016016109773423087,10828.19326,173.4255319,81.11991212,Africa
Cameroon,S.E484,2021-01-05,2021-09-10,249,0.01601610977247344,4846.184397,77.61702128,273.5776129,Africa
Cameroon,20A.EU2,2020-11-17,2021-09-23,311,0.018911600268740284,20.29787234,0.383865248,891.4513362,Africa
Cameroon,S.S477,2020-11-17,2021-04-29,164,0.01601610976539628,1060.102837,16.9787234,262.1952655,Africa
Cameroon,S.H69-,2021-01-26,2021-07-13,169,0.016016109772191114,2650.257092,42.44680851,266.360464,Africa
Cameroon,20B.S.796H,2021-02-03,2021-09-12,222,0.014794938706039068,108.037234,1.598404255,220.1925812,Africa
Cameroon,S.H655,2021-01-04,2021-07-12,190,0.01624419850667471,49.66312057,0.806737589,90.36945304,Africa
Cameroon,20A.EU1,2020-10-26,2021-08-27,306,0.019547561146142946,38.64007092,0.755319149,891.4513362,Africa
Cameroon,S.P681,2020-06-12,2021-07-21,405,0.01601610977602163,18400.35638,294.7021277,189.0707064,Africa
Cameroon,21J.Delta,2021-07-28,2021-05-21,1,0.016016109773876432,22110.71631,354.1276596,67.68889209,Africa
Central African Republic,S.Q677,2021-02-12,2021-09-08,209,0.012542305401921677,38.49042146,0.482758621,1.052307692,Africa
Central African Republic,20A.S.210T,2021-02-25,2021-10-19,237,0.012440758295762463,155.2183908,1.931034483,1.801298701,Africa
Central African Republic,S.N501,2021-01-20,2021-09-23,247,0.012440758291896944,194.0229885,2.413793103,1.003046409,Africa
Central African Republic,S.L18,2021-02-11,2021-11-04,267,0.01254230539543388,57.73563218,0.724137931,1.010989011,Africa
Central African Republic,S.Q613,2020-12-15,2021-10-31,321,0.012763371135624733,18.91187739,0.24137931,891.4513362,Africa
Central African Republic,20H.Beta.V2,2021-02-11,2021-11-17,280,0.012610088053830173,19.14176245,0.24137931,891.4513362,Africa
Central African Republic,ORF1a.S3675,2020-12-11,2021-11-10,335,0.013656812339307663,1073.103448,14.65517241,5.565861445,Africa
Central African Republic,21D.Eta,2021-02-12,2021-10-18,249,0.012542305401921677,38.49042146,0.482758621,1.052307692,Africa
Central African Republic,20A.S.126A,2021-03-02,2021-11-11,255,0.013656812339665288,500.7816092,6.83908046,21.62802461,Africa
Central African Republic,S.K417,2021-02-11,2021-11-19,282,0.012589928064402074,38.34482759,0.482758621,0.636764706,Africa
Central African Republic,S.Y144-,2021-01-20,2021-11-14,299,0.013656812344039732,786.9425287,10.74712644,9.520973596,Africa
Central African Republic,20I.Alpha.V1,2021-01-20,2021-11-23,308,0.012440758291896944,194.0229885,2.413793103,1.003046409,Africa
Central African Republic,S.T572,2021-03-16,2021-11-20,250,0.012537313417021162,19.25287356,0.24137931,891.4513362,Africa
Central African Republic,S.E484,2021-02-12,2021-11-10,272,0.013656812341765556,763.0957854,10.42145594,14.48395409,Africa
Central African Republic,20A.EU2,2020-11-24,2021-07-22,241,0.012828344517098302,18.81609195,0.24137931,891.4513362,Africa
Central African Republic,S.S477,2020-11-24,2021-10-30,341,0.013656812339359795,524.6283525,7.164750958,4.708706474,Africa
Central African Republic,S.H69-,2021-01-20,2021-11-17,302,0.013656812344039732,786.9425287,10.74712644,9.520973596,Africa
Central African Republic,S.H655,2021-02-01,2021-06-19,139,0.012589928064402074,38.34482759,0.482758621,0.706153846,Africa
Central African Republic,S.P681,2020-12-15,2021-11-18,339,0.013656812341765556,763.0957854,10.42145594,5.820385428,Africa
Comoros,S.L18,2021-01-05,2021-11-03,303,0.015652173913333334,150.0,2.347826087,35.42857143,Africa
Comoros,20H.Beta.V2,2021-01-05,2021-07-27,204,0.015652173913333334,150.0,2.347826087,35.42857143,Africa
Comoros,ORF1a.S3675,2021-01-05,2021-11-24,324,0.015652173913333334,150.0,2.347826087,35.42857143,Africa
Comoros,S.K417,2021-01-05,2021-10-12,281,0.015652173913333334,150.0,2.347826087,35.42857143,Africa
Comoros,S.P681,2021-10-05,2021-01-27,1,0.03472714388150555,1012.23913,35.15217391,3.152456239,Africa
Comoros,21J.Delta,2021-10-05,2021-11-03,30,0.03472714388150555,1012.23913,35.15217391,3.152456239,Africa
Congo (Brazzaville),S.Q677,2020-12-10,2021-11-19,345,0.014761678919318113,604.4524076,8.922732363,28.22307591,Africa
Congo (Brazzaville),20A.S.210T,2021-05-19,2021-08-12,86,0.013070756337531943,12.85106383,0.167973124,891.4513362,Africa
Congo (Brazzaville),S.N501,2021-02-25,2021-10-24,242,0.018111876905177755,859.3471445,15.5643897,30.77152743,Africa
Congo (Brazzaville),S.L18,2021-09-29,2021-04-30,1,0.014893494208975032,38.79731243,0.577827548,104.9451613,Africa
Congo (Brazzaville),21A.Delta,2021-06-26,2021-09-03,70,0.013549564729957641,159.5072788,2.161254199,14.79289817,Africa
Congo (Brazzaville),S.Q613,2021-02-09,2021-06-30,142,0.016551493542429407,140.6584546,2.328107503,28.3559366,Africa
Congo (Brazzaville),Delta.ORF1a3059F,2021-07-27,2021-11-02,99,0.014761678922022861,113.3348264,1.673012318,31.31129161,Africa
Congo (Brazzaville),ORF1a.S3675,2021-01-27,2021-10-17,264,0.013453937364385793,1487.968645,20.01903695,30.57300486,Africa
Congo (Brazzaville),DanishCluster,2020-12-05,2021-04-27,144,0.01636634153265959,13.54759239,0.221724524,55.0,Africa
Congo (Brazzaville),20A.S.126A,2021-05-14,2021-07-18,66,0.013453937361572181,780.8152296,10.50503919,25.83052632,Africa
Congo (Brazzaville),S.S98F,2020-12-10,2021-02-10,63,0.01636634153265959,13.54759239,0.221724524,0.0,Africa
Congo (Brazzaville),S.Y144-,2021-01-21,2021-02-08,19,0.018111876901153227,1907.331467,34.54535274,30.58990255,Africa
Congo (Brazzaville),20I.Alpha.V1,2021-02-25,2021-02-08,1,0.013076014179302778,426.4837626,5.576707727,31.24666643,Africa
Congo (Brazzaville),21A.21B,2021-06-26,2021-11-05,133,0.013549564733635363,941.0929451,12.75139978,15.09558464,Africa
Congo (Brazzaville),S.E484,2021-05-14,2021-11-11,182,0.0134539373699502,854.4770437,11.49608063,25.83052632,Africa
Congo (Brazzaville),20A.EU2,2021-05-21,2021-08-26,98,0.013070756337531943,12.85106383,0.167973124,891.4513362,Africa
Congo (Brazzaville),S.S477,2021-05-14,2021-11-22,193,0.01345393736290856,825.012318,11.09966405,25.83052632,Africa
Congo (Brazzaville),S.H69-,2021-02-25,2021-03-05,9,0.013453937366948904,1237.518477,16.64949608,30.0481152,Africa
Congo (Brazzaville),20B.S.796H,2021-06-19,2021-11-15,150,0.013091559573924853,13.77155655,0.180291153,891.4513362,Africa
Congo (Brazzaville),S.P681,2021-02-09,2021-10-25,259,0.018111876902071288,3667.945129,66.43337066,30.6722733,Africa
Congo (Brazzaville),21J.Delta,2021-05-20,2021-10-16,150,0.01734638390495105,1668.073908,28.93505039,31.67130673,Africa
Congo (Kinshasa),S.Q677,2021-05-12,2021-03-26,1,0.023176712549400715,771.75,17.88662791,189.1480836,Africa
Congo (Kinshasa),S.N501,2021-01-22,2021-04-04,73,0.023248432907205557,2088.287791,48.5494186,80.83286902,Africa
Congo (Kinshasa),S.L18,2021-02-21,2021-04-19,58,0.023248432915956223,219.8197674,5.110465116,77.86038961,Africa
Congo (Kinshasa),21A.Delta,2021-05-03,2021-11-12,194,0.02219615627481914,4252.77907,94.39534884,222.0701207,Africa
Congo (Kinshasa),S.Q613,2021-01-16,2021-09-21,249,0.025659062741464813,867.8197674,22.26744186,84.27272445,Africa
Congo (Kinshasa),21I.Delta,2021-04-20,2021-11-11,206,0.025718608172929536,84.54651163,2.174418605,891.4513362,Africa
Congo (Kinshasa),20H.Beta.V2,2021-01-22,2021-10-29,281,0.023248432908905468,1648.648256,38.32848837,80.83286902,Africa
Congo (Kinshasa),ORF1a.S3675,2021-01-22,2021-09-30,252,0.022202587281089287,5517.375,122.5,103.8636115,Africa
Congo (Kinshasa),21D.Eta,2021-05-12,2021-11-17,190,0.02317671254724112,661.5,15.33139535,189.1480836,Africa
Congo (Kinshasa),DanishCluster,2020-04-30,2021-10-23,542,0.02253521127923178,27.86337209,0.627906977,81.46323529,Africa
Congo (Kinshasa),20A.S.126A,2021-06-03,2021-07-02,30,0.022202587284641934,256.622093,5.697674419,325.0473684,Africa
Congo (Kinshasa),S.K417,2021-01-22,2021-07-16,176,0.023248432909233858,989.1889535,22.99709302,80.83286902,Africa
Congo (Kinshasa),S.Y144-,2020-04-25,2021-10-21,545,0.022202587279883227,2437.909884,54.12790698,84.79522658,Africa
Congo (Kinshasa),20I.Alpha.V1,2021-01-28,2021-10-31,277,0.025022456043723842,724.9302326,18.13953488,70.71062636,Africa
Congo (Kinshasa),S.A222,2021-04-20,2021-10-12,176,0.025718608172929536,84.54651163,2.174418605,891.4513362,Africa
Congo (Kinshasa),21A.21B,2021-04-20,2021-08-03,106,0.02219615627423945,4768.267442,105.8372093,185.736914,Africa
Congo (Kinshasa),S.E484,2021-01-22,2021-09-18,240,0.022202587284641934,2566.22093,56.97674419,103.8636115,Africa
Congo (Kinshasa),S.S477,2021-06-03,2021-08-21,80,0.022202587284641934,256.622093,5.697674419,325.0473684,Africa
Congo (Kinshasa),S.H69-,2021-01-28,2021-09-11,227,0.022202587283667738,2052.976744,45.58139535,104.5803516,Africa
Congo (Kinshasa),S.P681,2021-01-16,2021-09-14,242,0.022196156277605475,9278.790698,205.9534884,104.52338,Africa
Congo (Kinshasa),21J.Delta,2021-04-20,2021-10-17,181,0.022196156279667076,2448.569767,54.34883721,185.736914,Africa
Djibouti,S.Q677,2021-03-26,2021-10-13,202,0.013234653895592103,86.02996255,1.138576779,73.63714969,Africa
Djibouti,S.N501,2021-02-12,2021-06-30,139,0.013075360012218979,1466.806742,19.17902622,79.51024038,Africa
Djibouti,S.L18,2020-06-15,2021-06-29,380,0.013075360023214602,1093.746067,14.3011236,12.65953357,Africa
Djibouti,21A.Delta,2021-08-25,2021-01-18,1,0.013410779845501238,8.76928839,0.117602996,891.4513362,Africa
Djibouti,21I.Delta,2021-08-06,2021-07-15,1,0.013127090311922896,26.87640449,0.352808989,6.054047484,Africa
Djibouti,20H.Beta.V2,2021-03-15,2021-07-30,138,0.013075360009868918,1110.703371,14.52284644,109.3280351,Africa
Djibouti,ORF1a.S3675,2020-06-15,2021-10-27,500,0.013234653895878147,1815.23221,24.02397004,14.68316706,Africa
Djibouti,21D.Eta,2021-05-20,2021-07-12,54,0.013234653907215958,8.602996255,0.113857678,891.4513362,Africa
Djibouti,S.K417,2020-06-15,2021-07-31,412,0.013075360023965789,1119.182022,14.63370787,12.65953357,Africa
Djibouti,S.Y144-,2021-02-12,2021-09-06,207,0.01323465389610494,653.8277154,8.653183521,75.41619009,Africa
Djibouti,20I.Alpha.V1,2021-02-12,2021-07-13,152,0.013034550487476237,662.8307116,8.639700375,79.52743902,Africa
Djibouti,S.A222,2021-08-06,2021-10-11,67,0.013127090325642332,17.917603,0.235205993,6.054047484,Africa
Djibouti,S.E484,2021-03-15,2021-10-12,212,0.01323465389881139,825.8876404,10.93033708,88.13189401,Africa
Djibouti,20A.EU2,2021-01-20,2021-09-01,225,0.010316252349401603,4.429213483,0.045692884,891.4513362,Africa
Djibouti,S.S477,2021-01-20,2021-08-28,221,0.010316252349401603,4.429213483,0.045692884,891.4513362,Africa
Djibouti,S.H69-,2021-02-12,2021-07-31,170,0.013234653896321254,679.6367041,8.994756554,75.41619009,Africa
Djibouti,S.P681,2020-11-23,2021-07-12,232,0.013484317960420497,1548.420974,20.87940075,27.18354914,Africa
Djibouti,21J.Delta,2021-06-30,2021-07-07,8,0.013484317960814287,563.0621723,7.592509363,14.91261489,Africa
Egypt,S.N501,2020-07-28,2021-06-01,309,0.05856807511342782,14466.45309,847.2723112,515.3998253,Africa
Egypt,S.Y453F,2021-01-09,2021-06-11,154,0.054718109660907274,170.2505721,9.315789474,891.4513362,Africa
Egypt,21A.Delta,2021-09-04,2021-04-19,1,0.057911379296802505,994.3386728,57.58352403,891.4513362,Africa
Egypt,S.Q613,2021-04-04,2021-04-24,21,0.059341838833913904,234.51373,13.91647597,891.4513362,Africa
Egypt,21I.Delta,2021-09-04,2021-05-28,1,0.056375342830691955,1841.916476,103.8386728,701.7875054,Africa
Egypt,Delta.ORF1a3059F,2021-08-04,2021-05-23,1,0.058177957754838604,325.4828375,18.93592677,891.4513362,Africa
Egypt,ORF1a.S3675,2021-04-16,2021-05-23,38,0.05863052532255769,784.6132723,46.00228833,927.7279412,Africa
Egypt,S.D80Y,2020-11-17,2021-05-31,196,0.05823838109050029,127.3272311,7.415331808,891.4513362,Africa
Egypt,S.K417,2021-03-07,2021-05-31,86,0.058953475259633834,213.3901602,12.58009153,891.4513362,Africa
Egypt,S.Y144-,2020-04-26,2021-07-01,432,0.05877515966582414,1252.299771,73.60411899,517.3729073,Africa
Egypt,20I.Alpha.V1,2021-03-01,2021-06-17,109,0.05827248095306832,7627.62357,444.4805492,811.3932144,Africa
Egypt,S.A222,2020-07-23,2021-07-19,362,0.05637534280354632,3683.832952,207.6773455,577.3086695,Africa
Egypt,S.T572,2021-01-09,2021-08-21,225,0.05634890480627724,4815.250572,271.3340961,597.6896601,Africa
Egypt,21A.21B,2021-08-04,2021-10-23,81,0.05791137930186962,9280.494279,537.4462243,162.8984604,Africa
Egypt,S.E484,2021-01-03,2021-09-02,243,0.05635709242216037,6279.729977,353.9073227,603.0196186,Africa
Egypt,S.S477,2020-12-25,2021-11-17,328,0.057351595003518274,3357.24714,192.5434783,843.3448259,Africa
Egypt,S.H69-,2020-12-25,2021-06-30,188,0.05717246645214527,7551.762014,431.7528604,782.2714701,Africa
Egypt,S.H655,2020-06-29,2021-11-23,513,0.05783112928808503,7440.447368,430.2894737,566.4647339,Africa
Equatorial Guinea,S.N501,2021-01-12,2021-11-16,309,0.013408917475682625,1219.371601,16.35045317,19.04264046,Africa
Equatorial Guinea,S.L18,2021-01-12,2021-08-18,219,0.014697488590385388,698.6827795,10.26888218,22.85546179,Africa
Equatorial Guinea,20H.Beta.V2,2021-01-12,2021-08-23,224,0.013408917470810027,1357.936556,18.20845921,19.04264046,Africa
Equatorial Guinea,ORF1a.S3675,2021-01-12,2021-08-31,232,0.013408917471958635,1413.362538,18.95166163,19.04264046,Africa
Equatorial Guinea,20A.S.126A,2021-02-06,2021-09-03,210,0.01541771243128861,16.85196375,0.259818731,891.4513362,Africa
Equatorial Guinea,S.K417,2021-01-12,2021-09-10,242,0.013408917477241149,1302.510574,17.4652568,19.04264046,Africa
Equatorial Guinea,S.Y144-,2020-06-13,2021-09-23,468,0.015417712434338246,50.55589124,0.779456193,12.31293028,Africa
Equatorial Guinea,20I.Alpha.V1,2021-02-06,2021-10-26,263,0.015496971847472741,33.92145015,0.525679758,14.4,Africa
Equatorial Guinea,S.A222,2020-11-24,2021-10-26,337,0.016297138520649485,31.88519637,0.519637462,3.597185741,Africa
Equatorial Guinea,21A.21B,2021-07-17,2021-11-09,116,0.013296161269913094,394.4531722,5.244712991,8.581027668,Africa
Equatorial Guinea,S.E484,2021-01-12,2021-09-13,245,0.013408917475682625,1219.371601,16.35045317,19.04264046,Africa
Equatorial Guinea,S.S477,2021-02-06,2021-09-29,236,0.01541771243128861,16.85196375,0.259818731,891.4513362,Africa
Equatorial Guinea,S.H69-,2021-02-06,2021-09-29,236,0.015496971845949913,50.88217523,0.788519637,14.4,Africa
Equatorial Guinea,20A.EU1,2020-11-24,2021-08-18,268,0.016297138520649485,31.88519637,0.519637462,3.597185741,Africa
Equatorial Guinea,S.P681,2020-06-11,2021-08-27,443,0.013296161269068041,591.6797583,7.867069486,14.59998844,Africa
Equatorial Guinea,21J.Delta,2021-07-17,2021-09-14,60,0.013296161269913094,394.4531722,5.244712991,8.581027668,Africa
Eswatini,S.Q677,2021-06-29,2021-11-05,130,0.035527143156144185,44.69320843,1.587822014,891.4513362,Africa
Eswatini,S.N501,2020-11-13,2021-11-19,372,0.03468324991012522,1528.587822,53.01639344,59.38408196,Africa
Eswatini,S.L18,2020-11-13,2021-07-30,260,0.03844819610348419,1093.65808,42.04918033,114.2594192,Africa
Eswatini,21A.Delta,2021-06-28,2021-11-15,141,0.034574735780829355,186.1358314,6.43559719,68.51098901,Africa
Eswatini,21I.Delta,2021-06-26,2021-10-25,122,0.034838775289608485,368.3747073,12.83372365,41.77472527,Africa
Eswatini,20H.Beta.V2,2020-11-13,2021-09-07,299,0.034683249908477064,1435.946136,49.80327869,59.38408196,Africa
Eswatini,ORF1a.S3675,2020-11-13,2021-10-18,340,0.03468324989915726,1343.30445,46.59016393,59.38408196,Africa
Eswatini,S.K417,2020-11-13,2021-07-31,261,0.03468324989915726,1343.30445,46.59016393,59.38408196,Africa
Eswatini,S.Y144-,2021-06-27,2021-10-22,118,0.034838775307647625,322.3278689,11.2295082,45.87762238,Africa
Eswatini,S.A222,2021-06-26,2021-08-04,40,0.034838775289608485,368.3747073,12.83372365,41.77472527,Africa
Eswatini,S.T572,2021-06-27,2021-11-03,130,0.034838775308114675,138.1405152,4.81264637,45.87762238,Africa
Eswatini,21A.21B,2021-06-23,2021-10-21,121,0.03250953013553896,3225.932084,104.8735363,124.7559969,Africa
Eswatini,S.E484,2020-11-13,2021-08-16,277,0.0346832499127001,1482.266979,51.40983607,59.38408196,Africa
Eswatini,S.H655,2021-06-27,2021-08-11,46,0.034838775307647625,322.3278689,11.2295082,45.87762238,Africa
Eswatini,S.P681,2021-06-23,2021-09-30,100,0.032509530143743186,4374.145199,142.2014052,124.7559969,Africa
Eswatini,21J.Delta,2021-06-23,2021-11-11,142,0.03250953012239774,3772.700234,122.6487119,124.7559969,Africa
Ethiopia,S.Q677,2021-08-06,2021-09-25,51,0.015596187679085253,221.3307271,3.451915559,891.4513362,Africa
Ethiopia,S.N501,2020-12-19,2021-09-10,266,0.015686796684632673,10645.79593,166.9984363,945.5964319,Africa
Ethiopia,S.L18,2021-02-23,2021-11-13,264,0.015569480999348023,667.3909304,10.39093041,754.7438728,Africa
Ethiopia,21A.Delta,2021-03-07,2021-09-30,208,0.01555640422700602,4909.371384,76.37216575,664.0613995,Africa
Ethiopia,21I.Delta,2021-08-02,2021-11-02,93,0.015543896658706766,1790.686474,27.8342455,586.8606061,Africa
Ethiopia,20H.Beta.V2,2021-02-22,2021-10-18,239,0.015255408885495656,846.0578577,12.90695856,1439.093309,Africa
Ethiopia,ORF1a.S3675,2021-02-17,2021-09-11,207,0.015459773900038607,6633.321345,102.5496482,1281.74333,Africa
Ethiopia,S.K417,2021-02-22,2021-09-29,220,0.015255408885495656,846.0578577,12.90695856,1439.093309,Africa
Ethiopia,S.Y144-,2021-02-04,2021-10-01,240,0.015459773896049307,5777.408913,89.3174355,1271.943962,Africa
Ethiopia,20I.Alpha.V1,2021-01-23,2021-10-16,267,0.01545977388992688,6847.299453,105.8577013,1240.290916,Africa
Ethiopia,S.A222,2021-08-04,2021-10-24,82,0.015543896668216676,1343.014855,20.87568413,603.2261905,Africa
Ethiopia,S.T572,2021-04-01,2021-10-25,208,0.01554389666893378,6491.238468,100.89914,411.0189092,Africa
Ethiopia,21A.21B,2021-02-11,2021-10-25,257,0.015481338934804164,41714.62705,645.7982799,782.331404,Africa
Ethiopia,S.E484,2021-02-22,2021-11-06,258,0.015667187595803156,1530.416732,23.97732604,825.3908914,Africa
Ethiopia,S.H69-,2021-02-17,2021-11-01,258,0.015459773896049307,5777.408913,89.3174355,1281.74333,Africa
Gabon,S.Q677,2021-03-08,2021-11-01,239,0.0061681313200299525,1108.057743,6.834645669,45.36836245,Africa
Gabon,20A.S.210T,2021-03-19,2021-07-18,122,0.006172839507738464,86.74015748,0.535433071,141.6697861,Africa
Gabon,S.N501,2020-12-28,2021-07-06,191,0.006168131320762358,2413.98294,14.88976378,70.74183322,Africa
Gabon,S.L18,2021-03-08,2021-06-07,92,0.006154293461434824,54.16272966,0.333333333,143.510084,Africa
Gabon,20H.Beta.V2,2021-02-01,2021-11-06,279,0.00615429346739992,135.4068241,0.833333333,146.6017846,Africa
Gabon,Delta.ORF1a3059F,2021-09-03,2021-09-27,25,0.006168131320471342,474.8818898,2.929133858,154.9233716,Africa
Gabon,ORF1a.S3675,2020-12-28,2021-07-28,213,0.006168131320548191,4986.259843,30.75590551,70.74183322,Africa
Gabon,21D.Eta,2021-03-08,2021-06-30,115,0.006172839505432726,433.7007874,2.677165354,144.2284708,Africa
Gabon,20A.S.126A,2021-03-07,2021-07-05,121,0.006102765449389842,92.2519685,0.562992126,129.280914,Africa
Gabon,S.K417,2021-02-01,2021-08-25,206,0.006154293471802523,108.3254593,0.666666667,146.6017846,Africa
Gabon,S.Y144-,2020-12-28,2021-07-28,213,0.006168131322337612,4194.790026,25.87401575,70.74183322,Africa
Gabon,21B.Kappa,2021-04-14,2021-10-15,185,0.00612074560203985,28.30183727,0.173228346,891.4513362,Africa
Gabon,20I.Alpha.V1,2020-12-28,2021-07-06,191,0.0061681313200678866,1899.527559,11.71653543,70.74183322,Africa
Gabon,21A.21B,2021-08-10,2021-09-30,52,0.006168131321716374,751.8963255,4.637795276,82.25668061,Africa
Gabon,S.E484,2021-02-01,2021-01-27,1,0.006440396695667493,2657.112861,17.11286089,86.80638668,Africa
Gabon,S.S477,2021-03-07,2021-04-19,44,0.006102765449389842,92.2519685,0.562992126,129.280914,Africa
Gabon,S.H69-,2020-12-28,2021-08-01,217,0.006168131320762358,2413.98294,14.88976378,70.74183322,Africa
Gabon,20B.S.796H,2021-03-03,2021-11-05,248,0.006008655826625746,1218.059055,7.318897638,125.3530791,Africa
Gabon,S.H655,2021-03-08,2021-07-14,129,0.0056821729536669745,21.01706037,0.119422572,891.4513362,Africa
Gabon,S.P681,2020-12-28,2021-06-15,170,0.006168131322311937,4669.671916,28.80314961,70.74183322,Africa
Gabon,21J.Delta,2021-07-15,2020-12-31,1,0.0061681313212279335,1068.484252,6.590551181,48.46619204,Africa
Gambia,S.Q677,2021-01-27,2021-07-03,158,0.031784582884624456,1009.606909,32.08993448,19.24369183,Africa
Gambia,S.N501,2020-08-21,2021-10-14,420,0.029323056304120944,238.1512805,6.983323407,10.83252021,Africa
Gambia,S.L18,2021-01-21,2021-02-05,16,0.027500324289408365,114.7855867,3.156640858,14.61474751,Africa
Gambia,21A.Delta,2021-07-09,2021-07-13,5,0.02812972219969764,25.61941632,0.720667064,81.91770528,Africa
Gambia,S.Q613,2021-07-30,2021-11-17,111,0.027362584373597877,9.882072662,0.270399047,117.4,Africa
Gambia,21I.Delta,2021-02-08,2021-07-29,172,0.03135925416102656,837.6480048,26.26801668,19.10992756,Africa
Gambia,Delta.ORF1a3059F,2021-02-08,2021-01-10,1,0.031784582890544866,919.3627159,29.22156045,19.34370536,Africa
Gambia,ORF1a.S3675,2021-01-06,2021-08-14,221,0.028139013462130172,419.7022037,11.81000596,17.25396289,Africa
Gambia,21D.Eta,2021-03-25,2021-06-24,92,0.02958177491571489,17.5163788,0.518165575,16.45897632,Africa
Gambia,S.Y144-,2020-08-21,2021-02-26,190,0.0293230563069856,255.9237641,7.504466945,10.83252021,Africa
Gambia,20I.Alpha.V1,2021-01-06,2021-10-18,286,0.02965599051660493,228.4484812,6.774865992,20.21878321,Africa
Gambia,S.A222,2021-06-24,2021-07-22,29,0.027983539104863238,106.3758189,2.976771888,56.15463606,Africa
Gambia,21A.21B,2021-05-19,2021-07-19,62,0.029472539422359997,991.2418106,29.21441334,33.50646582,Africa
Gambia,S.E484,2020-09-22,2021-05-22,243,0.02813901344874718,85.00297796,2.39189994,13.20800587,Africa
Gambia,S.H69-,2021-01-06,2021-04-01,86,0.029323056304671562,241.7057772,7.087552114,18.882231,Africa
Gambia,20B.S.796H,2021-03-10,2021-04-30,52,0.029449220011569837,18.70756403,0.550923169,8.483981117,Africa
Gambia,S.H655,2020-08-21,2021-10-20,426,0.0322497419943526,13.85110185,0.446694461,5.779223744,Africa
Gambia,S.P681,2021-01-06,2021-08-27,234,0.03178458289586405,2244.8243,71.35080405,18.91572126,Africa
Gambia,21J.Delta,2021-02-08,2021-05-28,110,0.03178458289084755,975.7653365,31.01429422,19.34370536,Africa
Ghana,S.Q677,2021-01-06,2021-04-16,101,0.008360903334348949,1640.305344,13.71443442,187.45106,Africa
Ghana,S.N501,2020-12-10,2021-10-27,322,0.008372451107769179,6084.381506,50.94118668,314.342569,Africa
Ghana,S.L18,2021-01-06,2021-07-26,202,0.007971884107892627,546.4642609,4.356349757,186.1486316,Africa
Ghana,21A.Delta,2021-04-20,2021-08-05,108,0.008865640118206623,953.6892783,8.455065926,193.1398647,Africa
Ghana,Delta.250I,2021-06-23,2021-04-23,1,0.008075693459123089,56.32859126,0.454892436,270.7479375,Africa
Ghana,S.Q613,2020-06-20,2021-09-17,455,0.008845874509895714,233.860687,2.06870229,208.9614252,Africa
Ghana,21I.Delta,2021-04-18,2021-07-18,92,0.00884587450831036,1063.003123,9.403192228,192.549781,Africa
Ghana,20H.Beta.V2,2021-01-06,2021-02-07,33,0.008432411475135296,386.6315059,3.260235947,341.1602533,Africa
Ghana,Delta.299I,2021-06-30,2021-10-22,115,0.008299101297665435,16.64018043,0.138098543,891.4513362,Africa
Ghana,Delta.ORF1a3059F,2021-08-07,2021-05-31,1,0.00836090334692913,38.59541985,0.322692575,434.6,Africa
Ghana,ORF1a.S3675,2020-10-30,2021-07-07,251,0.008023751807925847,13387.34386,107.4167245,221.1035645,Africa
Ghana,21D.Eta,2021-01-06,2021-01-07,2,0.00824130371913977,1426.124219,11.75312283,206.62224,Africa
Ghana,21F.Iota,2021-03-18,2021-07-30,135,0.008253849790713785,47.41967384,0.391394865,99.72614342,Africa
Ghana,DanishCluster,2021-01-07,2021-06-03,148,0.008863845517853824,64.47293546,0.57147814,203.1502455,Africa
Ghana,20A.S.126A,2021-04-14,2021-06-10,58,0.008340894441713119,31.740805,0.264746704,891.4513362,Africa
Ghana,S.K417,2021-01-06,2021-07-04,180,0.00802375180844799,424.7019431,3.407702984,185.8812503,Africa
Ghana,S.Y144-,2020-10-30,2021-05-24,207,0.008409119218621837,13355.12318,112.304823,219.8267649,Africa
Ghana,21B.Kappa,2021-03-30,2021-06-02,65,0.008361454014766612,178.7099237,1.494274809,59.36828435,Africa
Ghana,20I.Alpha.V1,2020-11-20,2021-04-08,140,0.008372451106624068,7203.907703,60.31436502,303.3531326,Africa
Ghana,S.A222,2021-01-06,2021-07-15,191,0.008845874509996946,829.1424358,7.334489938,200.2452297,Africa
Ghana,S.T572,2021-08-15,2021-05-13,1,0.00832806430097442,19.20714781,0.159958362,891.4513362,Africa
Ghana,21A.21B,2021-03-30,2021-01-28,1,0.00886384552044637,9456.030534,83.81679389,179.4253095,Africa
Ghana,S.E484,2020-09-30,2021-07-20,294,0.008845874510013566,7122.120923,63.00138793,219.2405189,Africa
Ghana,S.S477,2020-11-01,2021-05-09,190,0.008360135464070172,342.0988897,2.85999306,277.3563948,Africa
Ghana,S.H69-,2020-10-30,2021-05-26,209,0.008241303718130939,8070.185288,66.50884802,238.5259973,Africa
Ghana,20J.Gamma.V3,2021-05-01,2021-07-25,86,0.008412436153333012,16.06540597,0.135149202,891.4513362,Africa
Ghana,S.N439K,2020-10-11,2021-09-10,335,0.006509945720871233,8.154927134,0.053088133,891.4513362,Africa
Ghana,20B.S.796H,2021-02-03,2021-06-25,143,0.007988817595501688,3109.872658,24.84420541,123.7447594,Africa
Ghana,S.H655,2020-11-06,2021-08-20,288,0.008412436152584959,112.4578418,0.946044414,315.1905524,Africa
Ghana,20A.EU1,2021-01-06,2021-09-20,258,0.006072360794201541,47.85565579,0.290596808,891.4513362,Africa
Ghana,S.P681,2020-08-12,2021-07-03,326,0.008863845519989443,25853.64712,229.1627342,206.7554016,Africa
Ghana,21J.Delta,2021-05-12,2021-07-01,51,0.008863845519824881,9649.449341,85.53122831,253.8493078,Africa
Guinea,S.Q677,2020-06-02,2021-06-25,389,0.007586631130826911,1346.093418,10.21231423,50.33639384,Africa
Guinea,S.N501,2020-05-14,2021-05-07,359,0.007035003433110134,2375.745223,16.7133758,50.68624125,Africa
Guinea,S.L18,2020-03-31,2021-05-25,421,0.006395718044526364,702.1019108,4.49044586,50.26124122,Africa
Guinea,21A.Delta,2021-05-18,2021-03-16,1,0.00758663112479828,310.6369427,2.356687898,21.99833287,Africa
Guinea,21I.Delta,2021-07-07,2021-04-08,1,0.00758663112557519,103.5456476,0.785562633,45.78181818,Africa
Guinea,ORF1a.S3675,2021-01-26,2021-08-09,196,0.007266652744977307,2948.641189,21.42675159,67.76897435,Africa
Guinea,21D.Eta,2021-02-23,2021-04-26,63,0.007266652745877609,508.3864119,3.694267516,59.6489123,Africa
Guinea,S.Y144-,2021-01-26,2021-03-24,58,0.0072666527450992386,2846.963907,20.68789809,67.76897435,Africa
Guinea,20I.Alpha.V1,2021-01-26,2021-05-14,109,0.007035003431945545,1682.819533,11.83864119,80.94891457,Africa
Guinea,21A.21B,2021-05-17,2021-03-31,1,0.007586631126574413,258.8641189,1.963906582,22.00571126,Africa
Guinea,S.E484,2020-04-10,2021-04-06,362,0.007266652746418801,1881.029724,13.66878981,51.60404763,Africa
Guinea,S.S477,2020-04-10,2021-04-07,363,0.005680637340494176,122.5902335,0.696390658,50.1753879,Africa
Guinea,S.H69-,2020-07-06,2021-06-21,351,0.0072855953371019225,2702.887473,19.69214437,50.2280686,Africa
Guinea,20B.S.796H,2021-02-22,2021-04-17,55,0.007071226536980913,396.3312102,2.802547771,76.16227481,Africa
Guinea,S.H655,2020-04-17,2021-04-22,371,0.006395718043201466,187.2271762,1.197452229,49.60166353,Africa
Guinea,S.P681,2020-04-10,2021-04-29,385,0.007586631125901478,5021.963907,38.09978769,51.47819788,Africa
Guinea,21J.Delta,2021-05-17,2021-04-19,1,0.007446324411683957,410.581741,3.057324841,20.99274047,Africa
Guinea-Bissau,S.Q677,2020-05-13,2021-05-28,381,0.017772511830665118,25.06930693,0.445544554,5.12768686,Africa
Guinea-Bissau,S.N501,2021-01-04,2021-05-03,120,0.016715116279328406,449.5841584,7.514851485,6.634358289,Africa
Guinea-Bissau,S.L18,2021-01-29,2021-05-05,97,0.016715116296939964,27.24752475,0.455445545,27.07142857,Africa
Guinea-Bissau,20H.Beta.V2,2021-02-01,2021-05-07,96,0.017084282443191625,13.03960396,0.222772277,891.4513362,Africa
Guinea-Bissau,ORF1a.S3675,2021-01-04,2021-05-12,129,0.01671511628088346,435.960396,7.287128713,6.634358289,Africa
Guinea-Bissau,S.K417,2021-02-01,2021-05-27,116,0.017084282443191625,13.03960396,0.222772277,891.4513362,Africa
Guinea-Bissau,S.Y144-,2021-01-04,2021-07-08,186,0.01671511628088346,435.960396,7.287128713,6.634358289,Africa
Guinea-Bissau,20I.Alpha.V1,2021-01-04,2021-09-06,246,0.016715116279328406,449.5841584,7.514851485,6.634358289,Africa
Guinea-Bissau,S.A222,2021-01-11,2020-12-23,1,0.0181598062807935,12.26732673,0.222772277,891.4513362,Africa
Guinea-Bissau,S.H69-,2021-01-04,2020-07-22,1,0.01671511628088346,435.960396,7.287128713,6.634358289,Africa
Guinea-Bissau,20A.EU1,2021-01-11,2021-09-13,246,0.0181598062807935,12.26732673,0.222772277,891.4513362,Africa
Guinea-Bissau,S.P681,2021-01-04,2021-09-01,241,0.01671511628088346,435.960396,7.287128713,6.634358289,Africa
Kenya,S.Q677,2020-05-17,2021-07-28,438,0.020534588050612104,1399.732484,28.74292994,510.5698305,Africa
Kenya,S.N501,2020-06-09,2021-11-23,533,0.02036943575592968,23747.35244,483.7201699,518.480842,Africa
Kenya,S.L18,2020-10-22,2021-11-27,402,0.019905944414706847,3911.388025,77.85987261,543.8381164,Africa
Kenya,21A.Delta.S.K417,2021-07-06,2021-11-22,140,0.019649495487822823,48.45426752,0.952101911,446.05,Africa
Kenya,21A.Delta,2021-01-07,2021-11-13,311,0.020911433236179968,17163.56051,358.9146497,597.2462163,Africa
Kenya,S.Q613,2020-06-08,2021-11-28,539,0.02065785797145779,3063.561783,63.2866242,522.5800321,Africa
Kenya,21I.Delta,2021-04-08,2021-10-08,184,0.020486235683283695,1727.529342,35.39057325,615.6483766,Africa
Kenya,20H.Beta.V2,2020-12-15,2021-11-12,333,0.019721899967174814,3383.596688,66.73095541,535.5999909,Africa
Kenya,ORF1a.S3675,2020-10-09,2021-11-15,403,0.02036943575679629,23179.43524,472.152017,557.6536977,Africa
Kenya,21D.Eta,2021-02-10,2021-04-30,80,0.019728736624661396,738.6683652,14.57299363,652.9756804,Africa
Kenya,DanishCluster,2021-03-31,2021-11-22,237,0.019725041591279996,219.4070488,4.327813163,476.79456,Africa
Kenya,S.K417,2020-12-15,2021-02-26,74,0.01964949548770196,3521.010106,69.18607219,533.1775929,Africa
Kenya,S.Y145,2021-03-23,2021-02-13,1,0.018201368874603472,28.1166879,0.511762208,756.0261449,Africa
Kenya,S.Y144-,2020-04-07,2021-06-10,430,0.020641854458624178,19880.07083,410.3615287,488.5580407,Africa
Kenya,21B.Kappa,2021-04-07,2021-07-11,96,0.017581956594483535,96.36399151,1.694267516,695.3850945,Africa
Kenya,20I.Alpha.V1,2020-10-09,2021-04-21,195,0.020369435752688646,19666.76221,400.6008493,557.6536977,Africa
Kenya,S.A222,2020-12-19,2021-10-27,313,0.02027891607943478,713.078896,14.46046709,588.9922107,Africa
Kenya,S.T572,2020-11-11,2021-04-20,161,0.020037055399412255,120.1849682,2.408152866,534.2272544,Africa
Kenya,21C.Epsilon,2021-01-15,2021-09-27,256,0.017459209583707266,8.39566879,0.146581741,891.4513362,Africa
Kenya,21A.21B,2021-02-08,2021-11-09,275,0.020723476690739828,22303.04764,462.1966879,641.7270834,Africa
Kenya,S.E484,2020-09-30,2021-11-25,422,0.02069077810310877,5281.982251,109.2883227,563.3702794,Africa
Kenya,20A.EU2,2020-09-17,2021-05-19,245,0.01740086089040272,33.38292994,0.58089172,668.5695921,Africa
Kenya,S.S477,2020-09-17,2021-11-24,434,0.01740086089387772,50.0743949,0.87133758,668.5695921,Africa
Kenya,S.H69-,2020-04-07,2021-10-31,573,0.020369435747670042,19603.6603,399.3154989,482.7788154,Africa
Kenya,20B.S.796H,2021-03-12,2021-11-09,243,0.016983070559524003,9.506157113,0.161443737,891.4513362,Africa
Kenya,S.H655,2020-11-17,2021-07-10,236,0.0195596057735034,117.6826327,2.301825902,504.4359194,Africa
Kenya,20A.EU1,2020-12-19,2021-02-06,50,0.01733477791477065,24.45656051,0.423949045,216.6424242,Africa
Kenya,21J.Delta,2021-01-07,2021-05-11,125,0.020911433238906266,17832.83142,372.9100637,597.2462163,Africa
Lesotho,S.N501,2020-12-16,2021-05-09,145,0.014391564545454545,1210.0,17.4137931,146.3255921,Africa
Lesotho,S.L18,2020-12-16,2021-05-20,156,0.014391564545454545,968.0,13.93103448,146.3255921,Africa
Lesotho,20H.Beta.V2,2020-12-16,2021-07-28,225,0.014391564549702352,1129.333333,16.25287356,146.3255921,Africa
Lesotho,ORF1a.S3675,2020-11-26,2021-06-17,204,0.014391564541737718,1290.666667,18.57471264,83.4665142,Africa
Lesotho,S.K417,2020-12-16,2021-08-02,230,0.014391564549702352,1129.333333,16.25287356,146.3255921,Africa
Lesotho,S.A222,2021-01-15,2021-09-21,250,0.014597394439772184,73.22988506,1.068965517,891.4513362,Africa
Lesotho,S.E484,2020-12-16,2021-05-27,163,0.014391564545454545,1210.0,17.4137931,146.3255921,Africa
Liberia,S.Q677,2021-03-10,2021-07-02,115,0.03946764570244865,41.76996805,1.6485623,1.661088528,Africa
Liberia,S.N501,2021-03-31,2021-06-25,87,0.03968253968277163,68.43450479,2.715654952,1.718099548,Africa
Liberia,S.L18,2021-03-31,2021-07-08,100,0.03968253967210217,41.06070288,1.629392971,1.718099548,Africa
Liberia,21A.Delta,2021-05-20,2021-11-05,170,0.03968253964774799,13.68690096,0.54313099,891.4513362,Africa
Liberia,21I.Delta,2021-03-09,2021-07-03,117,0.027032438922895894,861.5846645,23.29073482,15.36351534,Africa
Liberia,20H.Beta.V2,2021-03-31,2021-06-02,64,0.03968253967210217,41.06070288,1.629392971,1.718099548,Africa
Liberia,ORF1a.S3675,2021-03-31,2021-10-15,199,0.03968253968277163,68.43450479,2.715654952,1.718099548,Africa
Liberia,21D.Eta,2021-03-10,2021-11-07,243,0.03946764570244865,41.76996805,1.6485623,1.661088528,Africa
Liberia,21F.Iota,2021-03-31,2021-04-28,29,0.04140282510424553,6.559105431,0.271565495,891.4513362,Africa
Liberia,S.K417,2021-03-31,2021-07-28,120,0.03968253967210217,41.06070288,1.629392971,1.718099548,Africa
Liberia,S.Y144-,2021-04-04,2021-08-05,124,0.03968253968427927,27.37380192,1.086261981,1.746415356,Africa
Liberia,20I.Alpha.V1,2021-04-04,2021-04-08,5,0.03968253968427927,27.37380192,1.086261981,1.746415356,Africa
Liberia,S.A222,2021-03-09,2021-07-30,144,0.027032438922895894,861.5846645,23.29073482,15.36351534,Africa
Liberia,S.T572,2021-05-20,2021-11-11,176,0.0396825396535466,6.843450479,0.271565495,891.4513362,Africa
Liberia,21A.21B,2021-03-09,2021-07-22,136,0.02703243892283945,893.4952077,24.15335463,15.36351534,Africa
Liberia,S.E484,2021-03-10,2021-11-11,247,0.0394676456966228,111.3865815,4.396166134,1.661088528,Africa
Liberia,S.S477,2021-03-31,2021-08-31,154,0.04140282510424553,6.559105431,0.271565495,891.4513362,Africa
Liberia,S.H69-,2021-04-04,2021-09-25,175,0.03968253968427927,27.37380192,1.086261981,1.746415356,Africa
Liberia,20B.S.796H,2021-05-17,2021-08-04,80,0.03968253969645636,20.53035144,0.814696486,3.9,Africa
Liberia,S.P681,2021-03-09,2021-08-07,152,0.027032438915006594,1005.182109,27.17252396,15.36351534,Africa
Libya,S.Q677,2021-02-18,2021-07-27,160,0.01676212803535999,28674.09722,480.6388889,574.2457228,Africa
Libya,S.N501,2021-06-05,2021-11-17,166,0.016779618407925776,2596.569444,43.56944444,891.4513362,Africa
Libya,ORF1a.S3675,2021-02-18,2021-05-18,90,0.016762128034394027,31280.83333,524.3333333,574.2457228,Africa
Libya,21D.Eta,2021-02-18,2021-09-10,205,0.01676212803535999,28674.09722,480.6388889,574.2457228,Africa
Libya,S.Y144-,2021-02-18,2021-07-14,147,0.016762128034394027,31280.83333,524.3333333,574.2457228,Africa
Libya,20I.Alpha.V1,2021-06-05,2021-11-01,150,0.016779618407925776,2596.569444,43.56944444,891.4513362,Africa
Libya,S.E484,2021-02-18,2021-10-11,236,0.01676212803535999,28674.09722,480.6388889,574.2457228,Africa
Libya,S.H69-,2021-02-18,2021-08-19,183,0.016762128034394027,31280.83333,524.3333333,574.2457228,Africa
Libya,S.P681,2021-06-05,2021-07-24,50,0.016779618407925776,2596.569444,43.56944444,891.4513362,Africa
Madagascar,S.Q677,2020-04-13,2021-11-07,574,0.016437898952499735,253.2573585,4.163018868,68.3723471,Africa
Madagascar,20A.S.210T,2020-07-13,2021-09-13,428,0.007283464488475727,3.833962264,0.027924528,891.4513362,Africa
Madagascar,S.N501,2020-05-07,2021-08-08,459,0.01678457483804901,4951.086792,83.10188679,71.49319459,Africa
Madagascar,S.L18,2020-04-14,2021-10-11,546,0.016784574837009295,5767.2,96.8,72.58858747,Africa
Madagascar,20H.Beta.V2,2020-11-03,2021-08-09,280,0.01678457483874795,5603.977358,94.06037736,71.86340797,Africa
Madagascar,ORF1a.S3675,2020-07-13,2021-08-11,395,0.016784574840690774,6311.275472,105.9320755,52.68205575,Africa
Madagascar,S.K417,2020-11-03,2021-05-21,200,0.016784574836714958,5495.162264,92.23396226,71.86340797,Africa
Madagascar,S.Y144-,2020-05-04,2021-08-01,455,0.016956809830199936,701.6271698,11.89735849,69.52838708,Africa
Madagascar,20I.Alpha.V1,2021-03-15,2021-05-28,75,0.016956809831330216,626.4528302,10.62264151,308.3079659,Africa
Madagascar,S.E484,2020-04-01,2021-08-23,510,0.016784574836816255,4189.381132,70.31698113,72.43449072,Africa
Madagascar,20A.EU2,2020-11-03,2021-09-27,329,0.01483250930857155,40.75698113,0.604528302,10.64933952,Africa
Madagascar,S.S477,2020-04-01,2021-08-20,507,0.014739050614986104,129.4981132,1.908679245,78.00570551,Africa
Madagascar,S.H69-,2020-04-24,2021-11-09,565,0.016956809829875144,726.685283,12.32226415,70.276214,Africa
Madagascar,S.H655,2020-09-14,2021-09-02,354,0.014917217651142765,27.62415094,0.412075472,15.3590572,Africa
Madagascar,S.P681,2020-11-10,2021-09-24,319,0.016956809830924475,651.5109434,11.04754717,64.45777569,Africa
Malawi,S.Q677,2021-01-26,2021-07-29,185,0.03675102041239365,79.27092321,2.913287317,142.9349644,Africa
Malawi,S.N501,2020-11-25,2021-07-10,228,0.03353955431852755,3705.28214,124.2735116,168.960107,Africa
Malawi,S.L18,2020-11-25,2021-10-08,318,0.036543979024712715,2789.245039,101.9301122,174.8039956,Africa
Malawi,21A.Delta,2021-04-28,2021-08-28,123,0.036558998887946045,1606.631579,58.73684211,251.5438672,Africa
Malawi,S.Q613,2020-12-28,2021-07-13,198,0.029480947027976424,2.751078516,0.0811044,891.4513362,Africa
Malawi,21I.Delta,2021-03-17,2021-09-03,171,0.03695811303748209,3129.443486,115.6583261,180.2918128,Africa
Malawi,20H.Beta.V2,2020-11-25,2021-06-04,192,0.03353955434007727,5045.811044,169.2342537,168.960107,Africa
Malawi,ORF1a.S3675,2020-11-25,2021-07-25,243,0.03353955433124467,5090.997412,170.7497843,168.960107,Africa
Malawi,S.K417,2020-11-25,2021-09-30,310,0.03353955434007727,5045.811044,169.2342537,168.960107,Africa
Malawi,S.Y144-,2020-11-25,2021-09-21,301,0.033539554325188556,195.8075928,6.567299396,168.960107,Africa
Malawi,20I.Alpha.V1,2020-11-25,2021-07-26,244,0.033621769653674166,74.03580673,2.48921484,199.4734695,Africa
Malawi,S.A222,2021-04-22,2021-04-01,1,0.036918268688838296,1404.637187,51.85677308,236.6275841,Africa
Malawi,S.T572,2021-01-25,2021-07-03,160,0.03654397900317256,105.2545298,3.846419327,138.4915079,Africa
Malawi,21A.21B,2021-03-17,2021-07-26,132,0.03194736362176101,3918.330457,125.1803279,98.91708561,Africa
Malawi,S.E484,2020-11-25,2021-09-10,290,0.03353955434311639,3825.77912,128.3149267,168.960107,Africa
Malawi,S.S477,2021-01-21,2021-11-01,285,0.026192317589863234,25.1013805,0.65746333,1111.2,Africa
Malawi,S.H69-,2020-11-25,2021-10-18,328,0.032984420651748426,56.71095772,1.870578085,327.3647683,Africa
Malawi,S.H655,2020-11-25,2021-08-30,279,0.03074110992767029,2.596203624,0.079810181,891.4513362,Africa
Malawi,S.P681,2020-11-25,2021-10-18,328,0.036958113055015396,5861.076359,216.6143227,177.2473586,Africa
Malawi,21J.Delta,2021-04-13,2021-07-18,97,0.036671737232268214,1345.1195,49.32786885,219.4766209,Africa
Mali,S.Q677,2021-03-20,2021-07-19,122,0.03624016674913644,2352.009302,85.2372093,24.46299022,Africa
Mali,S.N501,2020-12-27,2021-01-09,14,0.036478332422652984,203.4976744,7.423255814,44.05054445,Africa
Mali,S.L18,2021-04-05,2021-01-10,1,0.03700564972060232,49.39534884,1.827906977,891.4513362,Africa
Mali,21A.Delta,2021-08-11,2021-05-04,1,0.03642067930215166,68.19534884,2.48372093,891.4513362,Africa
Mali,Delta.ORF1a3059F,2021-08-11,2021-04-26,1,0.03642067929681102,136.3906977,4.96744186,891.4513362,Africa
Mali,ORF1a.S3675,2021-03-20,2021-07-06,109,0.036240166742561176,2213.655814,80.22325581,24.46299022,Africa
Mali,21D.Eta,2021-03-20,2021-08-08,142,0.036240166742561176,2213.655814,80.22325581,24.46299022,Africa
Mali,S.Y144-,2021-01-29,2021-07-19,172,0.03624016674913644,2352.009302,85.2372093,37.77919007,Africa
Mali,S.A222,2021-04-04,2021-04-28,25,0.03705103969516082,49.20930233,1.823255814,891.4513362,Africa
Mali,21A.21B,2021-08-11,2021-02-03,1,0.03642067930215166,68.19534884,2.48372093,891.4513362,Africa
Mali,S.E484,2021-01-29,2021-06-06,129,0.036240166748138694,2282.832558,82.73023256,37.77919007,Africa
Mali,S.H69-,2021-03-20,2021-08-05,139,0.03624016674128697,2144.47907,77.71627907,24.46299022,Africa
Mali,S.H655,2021-01-29,2021-02-03,6,0.03700564971422577,98.79069767,3.655813953,34.38263229,Africa
Mali,S.P681,2020-12-27,2021-03-17,81,0.03642067930571208,409.172093,14.90232558,41.85938875,Africa
Mali,21J.Delta,2021-08-10,2021-08-27,18,0.03642067929681102,136.3906977,4.96744186,10.0,Africa
Mauritius,S.Q677,2021-01-04,2021-07-01,179,0.005704868152665846,54.02739726,0.308219178,42.79952548,Africa
Mauritius,S.N501,2020-12-06,2021-07-20,227,0.009756097563388196,10.10958904,0.098630137,6.498556229,Africa
Mauritius,S.L18,2020-11-24,2021-03-05,102,0.010410642053860907,5.921232877,0.061643836,5.803698861,Africa
Mauritius,21A.Delta,2021-08-13,2021-05-17,1,0.00374531835693612,11.52123288,0.043150685,891.4513362,Africa
Mauritius,S.Q613,2021-01-13,2021-08-17,217,0.008900523556318509,47.09589041,0.419178082,55.46710539,Africa
Mauritius,21I.Delta,2021-05-08,2021-03-28,1,0.009409304663571037,5.24109589,0.049315068,13.67972583,Africa
Mauritius,20H.Beta.V2,2020-12-06,2021-07-15,222,0.010410642006613085,8.289726027,0.08630137,6.20797459,Africa
Mauritius,Delta.ORF1a3059F,2021-10-01,2021-06-24,1,0.005704868190740023,10.80547945,0.061643836,891.4513362,Africa
Mauritius,ORF1a.S3675,2020-11-24,2021-04-20,148,0.008900523561976478,2696.239726,23.99794521,43.13844465,Africa
Mauritius,S.K417,2020-12-06,2021-07-06,213,0.010410642006613085,8.289726027,0.08630137,6.20797459,Africa
Mauritius,S.Y144-,2021-01-10,2021-07-03,175,0.00890052355989417,3155.424658,28.08493151,54.59555583,Africa
Mauritius,20I.Alpha.V1,2021-01-10,2021-08-07,210,0.018552875519841937,0.369178082,0.006849315,891.4513362,Africa
Mauritius,S.A222,2020-11-12,2021-05-29,199,0.006217745439867632,88.1260274,0.547945205,33.88802412,Africa
Mauritius,S.T572,2021-06-24,2021-06-15,1,0.009409304750365716,11.79246575,0.110958904,9.047619048,Africa
Mauritius,21A.21B,2021-05-08,2021-04-30,1,0.004649309246998852,226.8712329,1.054794521,96.70572412,Africa
Mauritius,S.E484,2020-12-06,2021-07-08,215,0.008900523560127077,3178.972603,28.29452055,45.70933052,Africa
Mauritius,20A.EU2,2020-10-23,2021-04-03,163,0.01828153546845182,1.873287671,0.034246575,1.323011591,Africa
Mauritius,S.S477,2020-10-23,2021-05-20,210,0.01828153547007833,2.247945205,0.04109589,1.323011591,Africa
Mauritius,S.H69-,2020-11-06,2021-05-24,200,0.01760563362180123,1.167123288,0.020547945,1.115318235,Africa
Mauritius,S.N439K,2020-11-06,2021-07-28,265,0.02207505493862355,0.310273973,0.006849315,891.4513362,Africa
Mauritius,20B.S.796H,2021-03-06,2021-06-02,89,0.004023759340300344,668.4609589,2.689726027,20.11275078,Africa
Mauritius,S.H655,2021-06-24,2021-05-07,1,0.009756097464472206,1.26369863,0.012328767,891.4513362,Africa
Mauritius,20A.EU1,2020-10-12,2021-04-23,194,0.0199999997956,1.369863014,0.02739726,2.339192106,Africa
Mauritius,S.P681,2020-12-23,2021-08-02,223,0.008900523561158587,4026.69863,35.83972603,49.75024024,Africa
Mauritius,21J.Delta,2021-05-08,2021-06-08,32,0.008900523559935206,706.4383562,6.287671233,112.9444483,Africa
Morocco,S.Q677,2021-03-02,2021-01-15,1,0.01456815942404909,5113.620264,74.49603524,1258.223972,Africa
Morocco,S.L18,2021-07-22,2021-07-16,1,0.016762423425192866,500.2273128,8.385022026,891.4513362,Africa
Morocco,21A.Delta,2021-04-22,2021-07-14,84,0.01486624426951013,7837.286344,116.5110132,2550.27827,Africa
Morocco,Delta.250I,2021-06-20,2021-08-23,65,0.01547121206219863,43252.82115,669.1735683,4374.763186,Africa
Morocco,S.Q613,2021-06-20,2021-01-22,1,0.015471212063522793,46579.96123,720.6484581,4374.763186,Africa
Morocco,21I.Delta,2021-07-12,2021-10-21,102,0.014866244272901293,4702.371806,69.90660793,7059.000308,Africa
Morocco,20H.Beta.V2,2021-06-17,2021-01-28,1,0.017556614135164367,462.9453744,8.127753304,891.4513362,Africa
Morocco,Delta.299I,2021-06-20,2021-05-03,1,0.015471212060916978,34934.97093,540.4863436,4374.763186,Africa
Morocco,ORF1a.S3675,2021-01-08,2021-02-01,25,0.016762423427099632,46521.14009,779.8070485,447.2499534,Africa
Morocco,21D.Eta,2021-03-02,2021-10-06,219,0.017855704426065277,426.5718062,7.616740088,891.4513362,Africa
Morocco,S.K417,2021-06-17,2021-10-25,131,0.017556614135164367,462.9453744,8.127753304,891.4513362,Africa
Morocco,S.Y144-,2021-01-08,2021-07-10,184,0.016762423427099632,46521.14009,779.8070485,447.2499534,Africa
Morocco,21H.Mu,2021-07-04,2021-03-10,1,0.017433355157904472,470.969163,8.210572687,891.4513362,Africa
Morocco,21B.Kappa,2021-04-22,2021-06-17,57,0.017671448088437534,447.522467,7.908370044,891.4513362,Africa
Morocco,20I.Alpha.V1,2021-01-08,2021-10-13,279,0.01676242342449254,46020.91278,771.4220264,447.2499534,Africa
Morocco,S.A222,2020-12-17,2021-04-04,109,0.014906685490698058,15804.63436,235.5947137,1179.786978,Africa
Morocco,S.E484,2021-03-02,2021-09-22,205,0.01743335515896611,1883.876652,32.84229075,383.9320184,Africa
Morocco,20A.EU2,2020-12-15,2021-04-20,127,0.016627066615768005,355.6114537,5.91277533,891.4513362,Africa
Morocco,S.S477,2020-02-02,2021-09-22,599,0.01662706661343019,711.2229075,11.82555066,1031.814746,Africa
Morocco,S.H69-,2021-01-08,2021-07-10,184,0.01676242342449254,46020.91278,771.4220264,447.2499534,Africa
Morocco,20A.EU1,2020-12-17,2021-04-27,132,0.01711039218950836,2790.946256,47.75418502,1769.766923,Africa
Mozambique,S.Q677,2020-11-25,2021-07-14,232,0.011335399748057267,127.3637847,1.443719413,321.1112446,Africa
Mozambique,S.N501,2020-08-22,2021-05-09,261,0.010979837450866229,10608.7677,116.4825449,283.3996737,Africa
Mozambique,S.L18,2020-11-26,2021-10-02,311,0.011707317074118938,3086.704731,36.137031,335.7718282,Africa
Mozambique,21A.Delta,2021-05-20,2021-05-24,5,0.011157674728601259,710.8838499,7.931810767,342.158867,Africa
Mozambique,S.Q613,2021-07-16,2021-08-30,46,0.01118312234096037,31.36280587,0.350734095,891.4513362,Africa
Mozambique,21I.Delta,2021-07-09,2021-09-26,80,0.012715155976317187,143.6417618,1.826427406,1192.614935,Africa
Mozambique,20H.Beta.V2,2020-08-22,2021-06-06,289,0.011707317068984733,8856.468189,103.6854812,289.13409,Africa
Mozambique,ORF1a.S3675,2020-08-22,2021-06-28,311,0.011707317073665428,8381.590538,98.12593801,289.13409,Africa
Mozambique,DanishCluster,2021-01-19,2021-07-09,172,0.008949416305541616,9.223491028,0.082544861,891.4513362,Africa
Mozambique,S.K417,2020-08-22,2021-07-03,316,0.011707317069566445,9473.809135,110.9128874,289.13409,Africa
Mozambique,S.Y144-,2021-01-09,2021-08-05,209,0.01164237595606858,91.245677,1.062316476,444.6648529,Africa
Mozambique,20I.Alpha.V1,2021-04-21,2021-07-08,79,0.011691237264569778,45.76704731,0.535073409,41.7622549,Africa
Mozambique,S.A222,2020-12-23,2021-10-22,304,0.012715155971891193,287.2835237,3.652854812,416.7755817,Africa
Mozambique,21A.21B,2021-05-04,2021-09-18,138,0.012139697574917669,12685.38499,153.9967374,580.9631715,Africa
Mozambique,S.E484,2020-08-22,2021-09-09,384,0.01271711541955565,18806.98793,239.1706362,376.6361827,Africa
Mozambique,20A.EU2,2020-12-15,2021-09-08,268,0.008754542439229622,11.85122349,0.103752039,103.3986014,Africa
Mozambique,S.S477,2020-09-10,2021-09-11,367,0.010578743719857182,1299.907341,13.75138662,206.1226518,Africa
Mozambique,S.H69-,2021-01-09,2021-07-10,183,0.011691237275494669,91.53409462,1.070146819,412.9401296,Africa
Mozambique,S.P681,2021-04-21,2021-09-06,139,0.012752130870418064,15480.96835,197.4153344,631.9998826,Africa
Mozambique,21J.Delta,2021-05-04,2021-08-08,97,0.012752130865043313,15234.45612,194.2717781,676.6743639,Africa
Namibia,S.N501,2021-03-17,2021-07-18,124,0.015789023282245115,7247.864979,114.4367089,230.2725075,Africa
Namibia,S.L18,2021-03-17,2021-08-17,154,0.015789023274784573,3402.059072,53.71518987,230.2725075,Africa
Namibia,21A.Delta,2021-06-08,2021-07-23,46,0.015648510381974914,126.1898734,1.974683544,891.4513362,Africa
Namibia,20H.Beta.V2,2021-03-17,2021-07-28,134,0.015789023271196013,7543.696203,119.1075949,230.2725075,Africa
Namibia,ORF1a.S3675,2021-03-17,2021-08-11,148,0.015789023271196013,7543.696203,119.1075949,230.2725075,Africa
Namibia,S.K417,2021-03-17,2021-09-16,184,0.015789023279850285,6952.033755,109.7658228,230.2725075,Africa
Namibia,S.A222,2021-03-17,2021-08-18,155,0.01578902327874494,2958.312236,46.70886076,230.2725075,Africa
Namibia,21A.21B,2021-04-26,2021-09-07,135,0.0193420017499846,11626.17089,224.8734177,754.9187196,Africa
Namibia,S.E484,2021-03-17,2021-10-04,202,0.015789023282245115,7247.864979,114.4367089,230.2725075,Africa
Namibia,S.P681,2021-04-26,2020-07-28,1,0.019342001751776236,14817.66878,286.6033755,754.9187196,Africa
Namibia,21J.Delta,2021-04-26,2021-01-31,1,0.019342001751971056,15273.59705,295.4219409,754.9187196,Africa
Niger,S.Q677,2021-04-01,2021-07-28,119,0.037243576973730846,590.7058824,22.0,891.4513362,Africa
Niger,S.N501,2021-01-09,2021-06-08,151,0.03299293008527185,149.7647059,4.941176471,891.4513362,Africa
Niger,ORF1a.S3675,2021-01-09,2020-12-28,1,0.03724357697422732,787.6078431,29.33333333,11.54670249,Africa
Niger,21D.Eta,2021-04-01,2021-07-16,107,0.037243576973730846,590.7058824,22.0,891.4513362,Africa
Niger,S.Y144-,2021-01-09,2021-04-12,94,0.03724357697422732,787.6078431,29.33333333,11.54670249,Africa
Niger,20I.Alpha.V1,2021-01-09,2021-05-10,122,0.03299293008527185,149.7647059,4.941176471,891.4513362,Africa
Niger,S.E484,2021-04-01,2021-04-12,12,0.037243576973730846,590.7058824,22.0,891.4513362,Africa
Niger,S.H69-,2021-01-09,2021-06-24,167,0.03724357697422732,787.6078431,29.33333333,11.54670249,Africa
Niger,S.H655,2020-12-24,2021-04-16,114,0.03068530516237771,115.0196078,3.529411765,891.4513362,Africa
Niger,S.P681,2020-01-01,2021-03-27,452,0.032992930090389415,224.6470588,7.411764706,6.735555079,Africa
Nigeria,S.Q677,2020-12-03,2021-06-29,209,0.013159855731636144,8903.079273,117.1632388,354.3017803,Africa
Nigeria,S.N501,2020-07-16,2021-08-03,384,0.013176545749828858,5240.941693,69.05750799,412.2491542,Africa
Nigeria,S.L18,2020-12-11,2021-02-25,77,0.01317654574938032,220.0395367,2.899361022,333.6880534,Africa
Nigeria,21A.Delta.S.K417,2021-07-27,2020-12-29,1,0.012426628132549305,17.14536741,0.213059105,891.4513362,Africa
Nigeria,21A.Delta,2021-05-02,2021-01-31,1,0.01304537762784562,715.7983227,9.337859425,229.5074128,Africa
Nigeria,S.Q613,2021-02-17,2021-03-22,34,0.012112906200272895,56.82358227,0.688298722,121.6832237,Africa
Nigeria,21I.Delta,2021-06-30,2021-06-24,1,0.013045377627542074,198.8328674,2.59384984,465.4779516,Africa
Nigeria,20H.Beta.V2,2021-02-05,2021-07-09,155,0.012455931444976538,51.31509585,0.639177316,118.3052334,Africa
Nigeria,ORF1a.S3675,2020-12-17,2021-04-04,109,0.013048139258215368,14531.3768,189.6074281,315.7242717,Africa
Nigeria,21D.Eta,2020-12-20,2021-02-11,54,0.013159855730792829,8742.301318,115.0474241,307.4782429,Africa
Nigeria,DanishCluster,2020-07-09,2021-01-15,191,0.01284831960219318,77.33386581,0.993610224,415.9821345,Africa
Nigeria,20A.S.126A,2021-07-26,2021-01-18,1,0.012455931425489094,17.10503195,0.213059105,891.4513362,Africa
Nigeria,S.K417,2021-02-05,2021-01-28,1,0.01235987845219865,104.6878994,1.293929712,118.2847132,Africa
Nigeria,S.Y144-,2020-05-04,2021-01-20,262,0.013137844808617296,18704.88019,245.7418131,412.783621,Africa
Nigeria,21B.Kappa,2021-04-21,2021-02-06,1,0.012529789422210105,16.42252396,0.205770767,891.4513362,Africa
Nigeria,20I.Alpha.V1,2020-12-14,2021-02-25,74,0.01245593145292049,4532.833466,56.46066294,364.117204,Africa
Nigeria,S.A222,2020-11-25,2021-01-26,63,0.013045377625667511,278.3660144,3.631389776,372.88424,Africa
Nigeria,S.T572,2021-01-27,2021-02-05,10,0.012799457784658512,76.59944089,0.98043131,167.9316871,Africa
Nigeria,21A.21B,2021-01-03,2021-01-26,24,0.013251401591520799,32247.38758,427.3230831,273.5044894,Africa
Nigeria,S.E484,2020-07-17,2021-06-03,322,0.013226188523745777,11446.39457,151.3921725,406.2596331,Africa
Nigeria,20A.EU2,2020-12-20,2021-03-03,74,0.015567228488110811,7.830870607,0.121904952,891.4513362,Africa
Nigeria,S.S477,2020-12-20,2021-02-04,47,0.01235987845966571,244.2717652,3.019169329,326.6525448,Africa
Nigeria,S.H69-,2020-12-14,2021-02-05,54,0.013144575732021262,16945.86502,222.7462061,325.9134559,Africa
Nigeria,20B.S.796H,2021-01-07,2021-02-11,36,0.012311730517857986,1634.28744,20.12090655,239.4270664,Africa
Nigeria,S.H655,2020-08-06,2021-03-15,222,0.012113511221919398,188.5782748,2.284345048,423.7254307,Africa
Nigeria,20A.EU1,2020-11-25,2021-03-02,98,0.017498690249262826,6.669828275,0.116713259,891.4513362,Africa
Nigeria,S.P681,2020-08-03,2021-08-31,394,0.013251401590726493,42442.79473,562.4265176,407.4751686,Africa
Nigeria,21J.Delta,2021-03-19,2021-04-03,16,0.013251401589409384,36649.47784,485.6569489,220.063031,Africa
Rwanda,S.Q677,2020-09-09,2021-11-19,437,0.012766238926246048,65.0436386,0.830362631,53.5248935,Africa
Rwanda,20A.S.210T,2021-01-20,2021-11-26,311,0.012900505909051433,7.289489859,0.094038107,891.4513362,Africa
Rwanda,S.N501,2020-12-17,2021-11-07,326,0.011507302443725793,2631.075599,30.27658267,192.3490377,Africa
Rwanda,S.L18,2020-12-17,2021-01-17,32,0.011256910676374417,1218.018439,13.71112477,134.9439465,Africa
Rwanda,21A.Delta,2020-12-21,2021-04-11,112,0.013239027927852231,5856.295022,77.53165335,329.6950578,Africa
Rwanda,S.Q613,2020-08-28,2021-05-31,277,0.01229779699663808,7194.986478,88.4824831,169.5662016,Africa
Rwanda,21I.Delta,2021-01-29,2021-09-28,243,0.013329586060233826,8021.676706,106.92563,373.3470048,Africa
Rwanda,20H.Beta.V2,2020-12-28,2021-01-22,26,0.011256910671322397,1411.7941,15.89244007,133.3739666,Africa
Rwanda,ORF1a.S3675,2020-12-28,2020-11-03,1,0.011507302441332922,3201.141979,36.83650891,196.7809956,Africa
Rwanda,21D.Eta,2021-01-22,2021-09-14,236,0.0128019822331488,44.64966195,0.571604179,364.5,Africa
Rwanda,S.K417,2020-12-28,2020-11-09,1,0.012394220726009557,2723.080516,33.75046097,263.7402255,Africa
Rwanda,S.Y144-,2020-07-06,2021-11-27,510,0.01150730243821434,920.8764597,10.59680393,119.1669656,Africa
Rwanda,20I.Alpha.V1,2020-12-28,2021-11-12,320,0.011507302443096995,570.0663798,6.559926245,196.7809956,Africa
Rwanda,S.A222,2021-01-12,2021-09-14,246,0.013254371122345655,6407.645974,84.92931776,352.280078,Africa
Rwanda,S.T572,2021-07-07,2021-02-03,1,0.011537308962404463,73.83650891,0.851874616,1099.103571,Africa
Rwanda,21A.21B,2020-12-21,2021-09-17,271,0.012438064786140202,12684.75599,157.7738168,270.3814577,Africa
Rwanda,S.E484,2021-01-11,2021-04-26,106,0.011256910673442254,1550.205286,17.45052243,129.3508733,Africa
Rwanda,S.H69-,2020-12-28,2021-07-23,208,0.011507302441321574,745.4714198,8.578365089,196.7809956,Africa
Rwanda,20B.S.796H,2021-05-02,2021-02-02,1,0.013344949145625822,15.52120467,0.207129687,891.4513362,Africa
Rwanda,S.H655,2020-10-17,2021-09-17,336,0.008105802076275197,12.96619545,0.105101414,29.82372642,Africa
Rwanda,20A.EU1,2021-01-12,2021-07-08,178,0.012562814112258276,6.115550092,0.076828519,891.4513362,Africa
Rwanda,S.P681,2020-10-17,2021-06-22,249,0.013329586061613798,27065.50461,360.771973,275.9930186,Africa
Rwanda,21J.Delta,2021-03-22,2021-07-20,121,0.013329586059414186,4347.626306,57.952059,459.6965458,Africa
Senegal,S.Q677,2020-06-09,2021-10-19,498,0.02541409548518839,9547.908795,242.6514658,143.6802513,Africa
Senegal,S.N501,2020-06-26,2021-10-29,491,0.02199245283377548,3093.10532,68.02497286,118.2757594,Africa
Senegal,S.L18,2020-06-14,2021-11-27,532,0.025411344449769217,6018.241042,152.9315961,144.8077655,Africa
Senegal,21A.Delta,2021-06-05,2021-08-26,83,0.02542774058504271,2247.752443,57.15526602,261.0736388,Africa
Senegal,21I.Delta,2021-06-01,2021-11-28,181,0.025405156789994113,1203.941368,30.58631922,273.2104476,Africa
Senegal,Delta.ORF1a3059F,2021-04-02,2021-11-03,216,0.025414095487991898,2246.566775,57.09446254,232.7757263,Africa
Senegal,ORF1a.S3675,2020-12-11,2021-07-28,230,0.027479091993576527,2499.185668,68.67535288,153.3033329,Africa
Senegal,21D.Eta,2021-01-10,2021-11-22,317,0.02747909198634211,590.7166124,16.23235613,129.5481824,Africa
Senegal,20A.S.126A,2021-06-05,2021-11-19,168,0.02750354303264374,45.2019544,1.243213898,891.4513362,Africa
Senegal,S.Y144-,2020-04-25,2021-09-23,517,0.02747909199515968,2726.384365,74.91856678,106.2929463,Africa
Senegal,20I.Alpha.V1,2020-12-11,2021-11-19,344,0.0275125658359213,1715.611292,47.20086862,158.7586044,Africa
Senegal,S.A222,2020-06-15,2021-11-01,505,0.02199245283184157,935.1248643,20.56568947,117.0123192,Africa
Senegal,21A.21B,2021-03-11,2021-11-23,258,0.024328030714867638,3325.34202,80.8990228,198.5588491,Africa
Senegal,S.E484,2020-12-29,2021-09-06,252,0.02199245283127437,1654.451683,36.3854506,143.063285,Africa
Senegal,20A.EU2,2021-01-16,2021-04-20,95,0.02238543407772804,24.68838219,0.552660152,891.4513362,Africa
Senegal,S.S477,2020-07-28,2021-11-20,481,0.023328473226233756,1094.690554,25.53745928,134.1049013,Africa
Senegal,S.H69-,2020-12-11,2021-11-28,353,0.027479091993325745,2181.107492,59.93485342,153.3033329,Africa
Senegal,20B.S.796H,2021-03-17,2021-11-25,254,0.027521396212949256,271.7459283,7.478827362,47.75930901,Africa
Senegal,S.H655,2020-04-20,2021-11-06,566,0.0204301075295719,95.92833876,1.959826276,74.06305796,Africa
Senegal,20A.EU1,2020-12-30,2021-06-25,178,0.021219319099989156,20.57003257,0.436482085,891.4513362,Africa
Senegal,S.P681,2020-07-09,2021-08-26,414,0.025427740581000648,14048.45277,357.2204126,150.0190541,Africa
Senegal,21J.Delta,2021-03-11,2021-05-11,62,0.025427740586126405,9472.67101,240.8686211,205.8336794,Africa
Seychelles,S.N501,2020-06-25,2021-07-28,399,0.0033691641252074174,274.0640704,0.923366834,25.15494686,Africa
Seychelles,S.L18,2021-02-05,2021-10-24,262,0.003557386256047709,147.6155779,0.525125628,74.96913644,Africa
Seychelles,21A.Delta,2021-05-24,2021-01-27,1,0.0048880055848743035,35.08228643,0.171482412,113.7718919,Africa
Seychelles,S.Q613,2021-08-21,2021-09-30,41,0.005017921151335965,12.26758794,0.061557789,891.4513362,Africa
Seychelles,21I.Delta,2021-05-18,2021-08-26,101,0.005195769159773221,419.7462312,2.180904523,81.92482342,Africa
Seychelles,20H.Beta.V2,2021-02-05,2021-11-26,295,0.0034447123665955646,211.5251256,0.728643216,81.26503469,Africa
Seychelles,ORF1a.S3675,2020-06-25,2021-02-13,234,0.003369164126843895,297.5552764,1.002512563,25.15494686,Africa
Seychelles,DanishCluster,2021-06-04,2021-08-01,59,0.0034898214141320058,7.559673367,0.02638191,891.4513362,Africa
Seychelles,S.K417,2021-02-05,2021-11-11,280,0.0034447123665955646,211.5251256,0.728643216,81.26503469,Africa
Seychelles,S.Y144-,2021-05-15,2021-09-24,133,0.005218959054855919,172.1111809,0.898241206,88.45602425,Africa
Seychelles,21B.Kappa,2021-04-20,2021-07-28,100,0.00507923621570172,3.091708543,0.015703518,891.4513362,Africa
Seychelles,20I.Alpha.V1,2021-05-15,2021-11-21,191,0.0033691641203489114,46.98241206,0.158291457,123.8592308,Africa
Seychelles,S.A222,2021-09-16,2021-06-10,1,0.005195769174624598,27.08040201,0.140703518,57.85087719,Africa
Seychelles,21A.21B,2021-04-20,2021-11-24,219,0.005215852465108928,5206.393216,27.15577889,100.8678016,Africa
Seychelles,S.E484,2021-02-05,2021-10-28,266,0.0035573862546746256,167.7449749,0.596733668,74.96913644,Africa
Seychelles,S.H69-,2021-05-15,2021-10-21,160,0.005218959054855919,172.1111809,0.898241206,88.45602425,Africa
Seychelles,S.P681,2021-01-03,2021-07-07,186,0.005349997751867896,6916.008166,37.00062814,88.88355804,Africa
Seychelles,21J.Delta,2021-05-15,2021-10-18,157,0.0053499977522257595,6454.940955,34.5339196,73.94290245,Africa
Sierra Leone,21A.Delta,2021-05-07,2021-02-01,1,0.01870666021694294,1309.1,24.48888889,34.4076555,Africa
Sierra Leone,21I.Delta,2021-07-06,2021-11-27,145,0.01897741530881076,212.5333333,4.033333333,6.203583916,Africa
Sierra Leone,S.A222,2021-07-06,2021-11-03,121,0.01897741530881076,212.5333333,4.033333333,6.203583916,Africa
Sierra Leone,21A.21B,2021-05-07,2021-11-24,202,0.018977415310366973,1346.044444,25.54444444,24.85916436,Africa
Sierra Leone,S.E484,2020-01-14,2021-06-28,532,0.01989924432487165,1014.555556,20.18888889,10.0761056,Africa
Sierra Leone,S.H69-,2021-01-13,2021-03-15,62,0.0266712850830155,32.07777778,0.855555556,891.4513362,Africa
Sierra Leone,S.P681,2021-05-07,2021-09-20,137,0.01897741530612276,1558.577778,29.57777778,24.85916436,Africa
Somalia,S.N501,2021-02-28,2021-08-12,166,0.03490445859872612,1349.21875,47.09375,129.9428571,Africa
Somalia,S.L18,2021-02-28,2021-09-04,189,0.03293371916770015,453.5625,14.9375,891.4513362,Africa
Somalia,20H.Beta.V2,2021-02-28,2021-10-28,243,0.03293371916770015,453.5625,14.9375,891.4513362,Africa
Somalia,ORF1a.S3675,2021-02-28,2021-09-22,207,0.03490445859872612,1349.21875,47.09375,129.9428571,Africa
Somalia,S.K417,2021-02-28,2021-06-02,95,0.03293371916770015,453.5625,14.9375,891.4513362,Africa
Somalia,S.Y144-,2021-02-28,2021-10-27,242,0.03490445859872612,735.9375,25.6875,129.9428571,Africa
Somalia,20I.Alpha.V1,2021-02-28,2021-09-19,204,0.03490445859872612,858.59375,29.96875,129.9428571,Africa
Somalia,S.E484,2021-02-28,2021-08-14,168,0.03293371916770015,453.5625,14.9375,891.4513362,Africa
Somalia,S.H69-,2021-02-28,2021-02-18,1,0.03490445859872612,735.9375,25.6875,129.9428571,Africa
Somalia,S.P681,2021-02-28,2021-06-12,105,0.03490445859872612,858.59375,29.96875,129.9428571,Africa
South Africa,S.Q677,2020-05-28,2021-09-14,475,0.03041764369475633,6571.635522,199.8936678,5543.397525,Africa
South Africa,20A.S.210T,2021-05-17,2021-04-15,1,0.03328813378699912,94.46259265,3.144483422,4390.030085,Africa
South Africa,S.Y453F,2020-06-17,2021-07-06,385,0.029952523044432498,313.9460149,9.403475246,4554.424575,Africa
South Africa,Omicron.Similar,2021-07-28,2021-05-16,1,0.03040508043937371,2337.464681,71.07080165,3807.095814,Africa
South Africa,21A.Delta.S.K417,2021-05-18,2021-04-25,1,0.030582110363906616,359.3290018,10.98903919,8808.179237,Africa
South Africa,21A.Delta,2021-01-12,2021-09-24,256,0.030459165040625354,17376.54698,529.2751123,6448.368787,Africa
South Africa,S.Q613,2020-08-11,2021-05-31,294,0.03021104281334533,793.5602845,23.97428373,5678.560091,Africa
South Africa,21K.Omicron,2021-11-09,2021-03-22,1,0.03040508044062496,5642.156127,171.5502109,1475.703431,Africa
South Africa,21D.Eta,2021-03-10,2021-08-11,155,0.034077864312381335,292.0000409,9.950737773,1377.624679,Africa
South Africa,21F.Iota,2021-01-11,2021-11-17,311,0.026935538089528647,17.01646169,0.458347552,891.4513362,Africa
South Africa,DanishCluster,2020-07-27,2021-06-14,323,0.0305145590213157,598.1877807,18.25343634,5675.845534,Africa
South Africa,S.Y145,2021-01-25,2021-04-05,71,0.030579258658093272,159.9309319,4.890569334,6488.900421,Africa
South Africa,21B.Kappa,2021-04-23,2021-08-04,104,0.029608414863338133,548.4343375,16.23827139,9708.708824,Africa
South Africa,20I.Alpha.V1,2021-01-05,2021-08-03,211,0.029554593379309605,8961.620808,264.857059,5361.458131,Africa
South Africa,S.S477,2020-07-26,2021-04-17,266,0.030405080441447286,6045.167279,183.8037974,5666.61524,Africa
South Africa,S.H69-,2020-07-02,2021-06-22,356,0.030405080442421267,16926.46838,514.6506327,5603.760485,Africa
South Africa,20B.S.796H,2021-01-16,2021-06-22,158,0.03430359477636161,42.70635126,1.464981368,1945.88452,Africa
South Africa,S.H655,2020-06-11,2021-05-01,325,0.030405080440189122,19787.84756,601.6510968,5589.915812,Africa
South Sudan,S.Q677,2021-01-23,2021-04-23,91,0.010770815769043922,1189.336709,12.81012658,60.74662156,Africa
South Sudan,S.N501,2021-03-31,2021-03-13,1,0.010788303214167464,107.0075949,1.15443038,13.10300334,Africa
South Sudan,S.L18,2021-03-31,2020-10-11,1,0.010921501714898085,51.92405063,0.567088608,29.2,Africa
South Sudan,21A.Delta,2021-05-21,2020-12-04,1,0.010717230009089166,82.91392405,0.888607595,5.232972583,Africa
South Sudan,S.Q613,2021-01-08,2021-03-19,71,0.016895459344028536,86.30886076,1.458227848,11.18345865,Africa
South Sudan,21I.Delta,2021-04-27,2021-05-31,35,0.01080261537087047,26.7164557,0.288607595,891.4513362,Africa
South Sudan,20H.Beta.V2,2021-03-31,2020-12-31,1,0.01078830321080686,80.2556962,0.865822785,13.10300334,Africa
South Sudan,ORF1a.S3675,2021-01-23,2020-11-06,1,0.01077081576764258,1297.458228,13.97468354,60.74662156,Africa
South Sudan,21D.Eta,2021-01-23,2021-03-08,45,0.010770815769043922,1189.336709,12.81012658,60.74662156,Africa
South Sudan,S.K417,2021-03-31,2021-04-26,27,0.01078830321080686,80.2556962,0.865822785,13.10300334,Africa
South Sudan,S.Y144-,2021-01-23,2021-03-08,45,0.010717230015363982,1271.346835,13.62531646,37.39330462,Africa
South Sudan,20I.Alpha.V1,2021-04-03,2021-03-03,1,0.010921501712794726,25.96202532,0.283544304,891.4513362,Africa
South Sudan,S.A222,2021-04-27,2021-04-05,1,0.01080261537087047,26.7164557,0.288607595,891.4513362,Africa
South Sudan,21A.21B,2021-04-27,2021-02-18,1,0.010717230008689321,773.8632911,8.293670886,4.247395301,Africa
South Sudan,S.E484,2021-01-08,2020-12-19,1,0.01077081576764258,1297.458228,13.97468354,63.8020555,Africa
South Sudan,S.H69-,2021-01-23,2021-02-19,28,0.010770815766456502,1216.367089,13.10126582,60.74662156,Africa
South Sudan,S.P681,2021-01-08,2020-12-22,1,0.010717230015335776,1105.518987,11.84810127,39.17521077,Africa
South Sudan,21J.Delta,2021-06-02,2021-02-02,1,0.010717230007865796,690.9493671,7.405063291,5.623850992,Africa
Sudan,S.L18,2021-03-07,2021-07-02,118,0.06204977080059754,115.245283,7.150943396,891.4513362,Africa
Sudan,S.A222,2021-03-10,2021-11-25,261,0.06240630907122549,115.7962264,7.226415094,891.4513362,Africa
Togo,S.Q677,2021-01-25,2021-02-28,35,0.009621471072692794,953.0116009,9.16937355,57.53333261,Africa
Togo,S.N501,2020-12-21,2021-02-07,49,0.009511187338094923,555.5390565,5.28383604,80.74397732,Africa
Togo,S.L18,2020-09-21,2020-10-26,36,0.01197916666595218,160.3712297,1.921113689,31.79602225,Africa
Togo,21A.Delta,2021-04-26,2020-11-01,1,0.009663703131093482,396.1531323,3.828306265,21.64710246,Africa
Togo,S.Q613,2020-12-11,2021-08-04,237,0.009663703111832579,24.00928074,0.232018561,60.31071283,Africa
Togo,21I.Delta,2021-06-14,2021-08-10,58,0.009244547137867504,21.41686002,0.197989172,13.35714286,Africa
Togo,20H.Beta.V2,2021-02-03,2021-04-23,80,0.010324760659431621,41.19876257,0.425367363,89.54421852,Africa
Togo,Delta.ORF1a3059F,2021-06-29,2021-01-09,1,0.009621471080512103,48.87238979,0.470224285,54.72125668,Africa
Togo,ORF1a.S3675,2020-12-24,2021-01-02,10,0.009269239058078619,1592.974478,14.76566125,67.80742103,Africa
Togo,21D.Eta,2021-01-25,2020-11-25,1,0.009283434871393083,757.1136891,7.028615623,69.52228692,Africa
Togo,20A.S.126A,2021-06-15,2021-07-20,36,0.009230093052600084,10.55761794,0.097447796,891.4513362,Africa
Togo,S.K417,2021-02-03,2021-03-31,57,0.010324760659431621,41.19876257,0.425367363,89.54421852,Africa
Togo,S.Y144-,2021-01-12,2021-03-09,57,0.00926923905464738,1528.394432,14.16705336,68.23777945,Africa
Togo,20I.Alpha.V1,2021-01-12,2021-03-25,73,0.009511187338769371,327.3712297,3.113689095,91.80901928,Africa
Togo,S.A222,2021-06-14,2021-02-20,1,0.009244547137867504,21.41686002,0.197989172,13.35714286,Africa
Togo,21A.21B,2021-04-12,2021-03-12,1,0.009621471071634769,1502.825986,14.45939675,23.17453492,Africa
Togo,S.E484,2021-01-25,2021-01-10,1,0.009269239055020173,1216.257541,11.2737819,67.17169543,Africa
Togo,S.H69-,2020-05-23,2020-12-28,220,0.009283434866976876,1119.675174,10.39443155,37.71404353,Africa
Togo,20B.S.796H,2021-01-25,2020-12-21,1,0.009269239060078066,365.9535963,3.392111369,67.17169543,Africa
Togo,S.H655,2020-12-21,2020-12-22,2,0.011979166669259158,136.612529,1.636504254,54.84771178,Africa
Togo,S.P681,2020-11-20,2021-02-21,94,0.009621471074390445,2406.965197,23.15854602,58.52047226,Africa
Togo,21J.Delta,2021-04-12,2020-12-24,1,0.009621471068640135,1087.410673,10.46249033,23.17453492,Africa
Tunisia,S.Q677,2021-02-09,2021-01-22,1,0.03439726512680894,3751.68254,129.047619,728.6315385,Africa
Tunisia,S.L18,2020-12-24,2021-02-26,65,0.03432053496945258,17555.01058,602.4973545,1209.724938,Africa
Tunisia,20H.Beta.V2,2021-04-24,2021-03-07,1,0.036592855134455204,7237.079365,264.8253968,1188.153501,Africa
Tunisia,ORF1a.S3675,2021-02-20,2021-03-08,17,0.03659285513479147,25329.77778,926.8888889,1289.174308,Africa
Tunisia,21D.Eta,2021-03-05,2021-04-24,51,0.03439726513363328,1250.560847,43.01587302,891.4513362,Africa
Tunisia,S.K417,2021-04-24,2021-05-12,19,0.03659285513276976,5427.809524,198.6190476,1188.153501,Africa
Tunisia,S.Y144-,2021-02-20,2021-07-20,151,0.03644844033810307,15794.0,575.6666667,1276.893938,Africa
Tunisia,20I.Alpha.V1,2021-02-20,2021-01-09,1,0.03644844033810307,15794.0,575.6666667,1276.893938,Africa
Tunisia,S.A222,2020-09-15,2021-11-23,435,0.0343994941446788,23688.97884,814.8888889,1474.600192,Africa
Tunisia,S.T572,2020-11-02,2021-11-27,391,0.022308015381588504,327.5449735,7.306878307,891.4513362,Africa
Tunisia,S.E484,2021-03-05,2021-11-26,267,0.036592855134455204,7237.079365,264.8253968,1407.269181,Africa
Tunisia,20A.EU2,2020-09-13,2021-11-23,437,0.03455635522310041,26446.33333,913.8888889,1461.404241,Africa
Tunisia,S.H69-,2021-02-20,2021-11-12,266,0.03644844033810307,15794.0,575.6666667,1276.893938,Africa
Tunisia,S.H655,2021-02-02,2021-07-16,165,0.034356277228860296,8704.0,299.037037,792.410901,Africa
Tunisia,20A.EU1,2020-09-15,2021-11-14,426,0.03439949414548287,26182.55556,900.6666667,1474.600192,Africa
Tunisia,S.P681,2021-02-20,2021-06-23,124,0.0364777531046384,12327.14815,449.6666667,1278.914541,Africa
Tunisia,21J.Delta,2021-05-21,2021-11-22,186,0.036477753108934245,1761.021164,64.23809524,891.4513362,Africa
Uganda,S.Q677,2020-10-29,2021-11-24,392,0.007579405793363358,1146.050781,8.686383929,132.8795854,Africa
Uganda,S.N501,2020-11-09,2021-08-12,277,0.007113962895443687,1332.185826,9.477120536,130.1209067,Africa
Uganda,S.L18,2021-02-10,2021-11-21,285,0.0068780804767112,492.9609375,3.390625,92.011447,Africa
Uganda,21A.Delta,2021-04-20,2021-11-18,213,0.010339303917709203,337.21875,3.486607143,474.4500157,Africa
Uganda,S.Q613,2020-08-14,2021-11-16,460,0.007058947479026131,7627.098214,53.83928571,170.1183129,Africa
Uganda,21I.Delta,2021-06-06,2021-08-31,87,0.007235288574901917,29.53962054,0.213727679,891.4513362,Africa
Uganda,20H.Beta.V2,2021-02-13,2021-11-28,289,0.006878080477176286,528.172433,3.6328125,95.23529762,Africa
Uganda,ORF1a.S3675,2021-02-13,2021-04-20,67,0.007113962894496547,2700.376674,19.21037946,101.385678,Africa
Uganda,21D.Eta,2021-02-15,2021-09-09,207,0.006878080478804088,1408.459821,9.6875,97.52613029,Africa
Uganda,S.K417,2021-02-13,2021-11-13,274,0.02524696902078496,944.4866071,23.84542411,284.4868187,Africa
Uganda,S.Y144-,2020-11-08,2021-11-16,374,0.007113962897306929,2340.326451,16.64899554,131.2173276,Africa
Uganda,21B.Kappa,2021-03-26,2021-11-04,224,0.008220657150256184,22.74051339,0.186941964,891.4513362,Africa
Uganda,20I.Alpha.V1,2021-03-25,2021-08-19,148,0.007113962896086459,612.0853795,4.354352679,183.460518,Africa
Uganda,S.A222,2021-06-06,2021-07-31,56,0.007235288574901917,29.53962054,0.213727679,891.4513362,Africa
Uganda,S.T572,2021-06-24,2021-10-31,130,0.010339303920674637,42.15234375,0.435825893,891.4513362,Africa
Uganda,21A.21B,2021-03-26,2021-11-28,248,0.029431326909399272,12672.35714,372.9642857,505.7974984,Africa
Uganda,S.E484,2020-11-09,2021-10-19,345,0.0290991955892868,3826.044643,111.3348214,235.8544136,Africa
Uganda,S.H69-,2020-08-26,2021-11-21,453,0.007113962897462767,2484.34654,17.67354911,170.8481598,Africa
Uganda,20B.S.796H,2021-02-23,2021-09-24,214,0.008182038250369486,92.20982143,0.754464286,18.82148041,Africa
Uganda,S.P681,2020-10-28,2021-11-20,389,0.029431326909641654,26901.91071,791.7589286,243.0460406,Africa
Uganda,21J.Delta,2021-05-20,2021-08-08,81,0.029431326912542924,17880.91071,526.2589286,726.5249169,Africa
Zambia,S.N501,2020-12-01,2021-07-26,238,0.01745482692843369,19889.49874,347.1677582,708.2836683,Africa
Zambia,S.L18,2020-12-30,2021-11-16,322,0.013184109945924182,644.2760705,8.494206549,451.1884966,Africa
Zambia,21A.Delta,2021-06-05,2021-07-23,49,0.013090214992314862,50.14609572,0.656423174,891.4513362,Africa
Zambia,S.Q613,2021-01-24,2021-07-16,174,0.014191857911667029,468.3566751,6.646851385,401.7857046,Africa
Zambia,21I.Delta,2021-07-05,2021-10-04,92,0.015056219147381068,83.38186398,1.255415617,891.4513362,Africa
Zambia,20H.Beta.V2,2020-12-01,2021-08-10,253,0.013184109944908838,9267.663476,122.1858942,508.6763153,Africa
Zambia,ORF1a.S3675,2020-12-01,2021-10-19,323,0.01745482692843369,19889.49874,347.1677582,708.2836683,Africa
Zambia,DanishCluster,2020-07-17,2021-09-06,417,0.031019861674555158,4.514861461,0.140050378,184.4909091,Africa
Zambia,S.K417,2020-12-01,2021-10-15,319,0.01318410994683103,8970.30529,118.2654912,508.6763153,Africa
Zambia,S.Y144-,2020-07-31,2021-08-29,395,0.01745482692225581,1041.335013,18.17632242,514.5888455,Africa
Zambia,21B.Kappa,2021-04-30,2021-07-29,91,0.013665165282342422,138.5788413,1.893702771,53.5,Africa
Zambia,20I.Alpha.V1,2020-12-01,2021-10-09,313,0.017454826923952046,728.9345088,12.72342569,708.2836683,Africa
Zambia,S.A222,2020-08-02,2021-10-21,446,0.013740411447138976,66.06851385,0.907808564,187.0485551,Africa
Zambia,21A.21B,2021-05-02,2021-08-08,99,0.017454826926641298,33947.52141,592.5481108,1236.893583,Africa
Zambia,S.E484,2020-08-20,2021-10-12,419,0.01318410994585426,9118.984383,120.2256927,379.7680905,Africa
Zambia,S.H69-,2020-12-01,2021-07-24,236,0.01745482692464211,624.8010076,10.90579345,708.2836683,Africa
Zambia,S.P681,2020-12-01,2021-10-04,308,0.01746030215717494,34800.0937,607.6201511,711.2919188,Africa
Zambia,21J.Delta,2021-05-24,2021-09-30,130,0.017460302155537056,35636.13199,622.2176322,1240.434732,Africa
Zimbabwe,S.Q677,2020-12-21,2021-10-23,307,0.025921751681063154,5.969245555,0.154733301,891.4513362,Africa
Zimbabwe,S.N501,2020-09-01,2021-08-30,364,0.031747778747594234,13063.31956,414.7313791,184.1775423,Africa
Zimbabwe,S.L18,2020-12-07,2021-07-21,227,0.03224378366375087,1660.747237,53.54877463,151.5950079,Africa
Zimbabwe,21A.Delta,2021-07-11,2021-08-08,29,0.035217954908059956,1402.756367,49.40221048,448.8003488,Africa
Zimbabwe,S.Q613,2020-12-27,2021-07-26,212,0.026924247068583162,12.63623258,0.340221048,71.0,Africa
Zimbabwe,21I.Delta,2021-06-28,2021-07-27,30,0.03441208909873506,1284.457472,44.20086497,1621.248485,Africa
Zimbabwe,20H.Beta.V2,2020-09-01,2021-09-28,393,0.03806090629181863,7691.887554,292.7602114,149.8907329,Africa
Zimbabwe,ORF1a.S3675,2020-09-01,2021-10-07,402,0.03174777875081883,15848.88035,503.1667468,184.1775423,Africa
Zimbabwe,DanishCluster,2021-01-11,2021-07-31,202,0.023680315725433627,10.71456031,0.253724171,891.4513362,Africa
Zimbabwe,S.K417,2020-09-01,2021-08-02,336,0.038060906300103746,7561.516579,287.798174,149.8907329,Africa
Zimbabwe,S.Y144-,2020-12-14,2021-10-19,310,0.0317477787554679,3121.749159,99.10860163,203.2849631,Africa
Zimbabwe,S.A222,2020-12-19,2021-08-11,236,0.034412089096241646,1050.91975,36.16434407,308.6816752,Africa
Zimbabwe,21A.21B,2021-06-23,2021-08-19,58,0.03174777876422103,4610.583373,146.3757809,1842.987471,Africa
Zimbabwe,S.E484,2020-09-01,2021-08-28,362,0.03433405481237433,14250.97069,489.2936088,237.2260381,Africa
Zimbabwe,S.H655,2021-07-26,2021-09-08,45,0.031747778746442586,48.02691014,1.524747717,891.4513362,Africa
Zimbabwe,S.P681,2020-12-22,2021-10-26,309,0.035217954896104124,9564.247958,336.8332532,422.335792,Africa
Zimbabwe,21J.Delta,2021-06-23,2021-10-27,127,0.03521795489915567,6567.450264,231.2921672,676.0699969,Africa
